time,kinetic_energy,potential_energy,total_energy
0.01,4.495816305,98.095188195,102.59100450000001
0.02,4.501260088594076,98.08075278000001,102.58201286859409
0.03,4.516306973574862,98.05670337861002,102.57301035218488
0.04,4.540928134777141,98.02304960962822,102.56397774440536
0.05,4.575094814462993,97.97980108223159,102.55489589669457
0.060000000000000005,4.618778322025259,97.92696739598316,102.54574571800842
0.07,4.671950033842382,97.86455814084154,102.53650817468392
0.08,4.734581393134828,97.79258289717062,102.52716429030545
0.09,4.806643909821798,97.71105123574911,102.51769514557091
0.09999999999999999,4.888109160378241,97.61997271778014,102.50808187815838
0.10999999999999999,4.9789487876921665,97.51935689490088,102.49830568259304
0.11999999999999998,5.079134500922244,97.40921330919204,102.48834781011428
0.12999999999999998,5.188638075355702,97.28955149318749,102.47818956854319
0.13999999999999999,5.307431352266516,97.16038096988379,102.46781232215031
0.15,5.435486238773896,97.02171125274975,102.45719749152364
0.16,5.572774707701064,96.87355184573592,102.44632655343698
0.17,5.719268797434322,96.7159122432842,102.43518104071852
0.18000000000000002,5.874940611782409,96.54880193033716,102.42374254211957
0.19000000000000003,6.039762319836157,96.37223038234787,102.41199270218402
0.20000000000000004,6.213706155828433,96.18620706528901,102.39991322111744
0.21000000000000005,6.396744418994364,95.9907414356627,102.38748585465706
0.22000000000000006,6.588849473431859,95.78584294050972,102.37469241394159
0.23000000000000007,6.789993747962425,95.57152101741914,102.36151476538157
0.24000000000000007,7.000149735992251,95.34778509453767,102.34793483052992
0.25000000000000006,7.2192899953736,95.11464459057919,102.33393458595279
0.26000000000000006,7.447387148266476,94.87210891483413,102.3194960631006
0.2700000000000001,7.6844138810005855,94.62018746717891,102.30460134817949
0.2800000000000001,7.930342943937566,94.3588896380854,102.28923258202296
0.2900000000000001,8.185147151333533,94.08822480863026,102.2733719599638
0.3000000000000001,8.448799381201871,93.8082023505044,102.25700173170627
0.3100000000000001,8.721272575176343,93.51883162602233,102.24010420119868
0.3200000000000001,9.00253973837446,93.22012198813157,102.22266172650603
0.3300000000000001,9.292573939261146,92.91208278042198,102.20465671968313
0.34000000000000014,9.59134830951268,92.59472333713522,102.1860716466479
0.35000000000000014,9.89883604388092,92.26805298317393,102.16688902705485
0.36000000000000015,10.215010400057805,91.93208103411128,102.14709143416908
0.37000000000000016,10.53984469854015,91.58681679620014,102.12666149474029
0.38000000000000017,10.8733123224947,91.2322695663825,102.1055818888772
0.3900000000000002,11.215386717623481,90.86844863229871,102.0838353499222
0.4000000000000002,11.566041392029422,90.49536327229687,102.06140466432629
0.4100000000000002,11.925249916082254,90.11302275544207,102.03827267152433
0.4200000000000002,12.292985922284698,89.7214363415257,102.0144222638104
0.4300000000000002,12.669223105138908,89.32061328107473,101.98983638621364
0.4400000000000002,13.053935221013198,88.91056281536092,101.96449803637412
0.45000000000000023,13.44709608800908,88.4912941764102,101.93839026441927
0.46000000000000024,13.848679585828513,88.06281658701181,101.91149617284032
0.47000000000000025,14.258659655641484,87.62513926072761,101.88379891636909
0.48000000000000026,14.677010299953828,87.17827140190124,101.85528170185506
0.49000000000000027,15.103705582475332,86.72222220566745,101.82592778814278
0.5000000000000002,15.53871962798812,86.25700085796115,101.79572048594926
0.5100000000000002,15.982026622215304,85.78261653552683,101.76464315774213
0.5200000000000002,16.433600811689907,85.29907840592757,101.73267921761749
0.5300000000000002,16.89341650362404,84.80639562755435,101.69981213117839
0.5400000000000003,17.361448065778408,84.30457734963511,101.66602541541351
0.5500000000000003,17.837669926332,83.793632712244,101.631302638576
0.5600000000000003,18.322056573752118,83.27357084631056,101.59562742006268
0.5700000000000003,18.814582556664647,82.74440087362879,101.55898343029344
0.5800000000000003,19.31522248372459,82.20613190686632,101.52135439059091
0.5900000000000003,19.823951023486895,81.65877304957358,101.48272407306048
0.6000000000000003,20.340742904277526,81.10233339619285,101.44307630047038
0.6100000000000003,20.8655729140648,80.53682203206748,101.40239494613228
0.6200000000000003,21.398415900331003,79.96224803345085,101.36066393378185
0.6300000000000003,21.939246769944273,79.37862046751559,101.31786723745986
0.6400000000000003,22.488040489030748,78.78594839236258,101.27398888139334
0.6500000000000004,23.044772082846947,78.18424085703015,101.2290129398771
0.6600000000000004,23.609416635652476,77.57350690150294,101.18292353715542
0.6700000000000004,24.181949290582942,76.95375555672118,101.13570484730411
0.6800000000000004,24.762345249523158,76.32499584458957,101.08734109411273
0.6900000000000004,25.350579772980605,75.68723677798641,101.03781655096702
0.7000000000000004,25.94662817995916,75.04048736077262,100.98711554073178
0.7100000000000004,26.550465847833056,74.38475658780075,100.9352224356338
0.7200000000000004,27.162068212221186,73.72005344492395,100.88212165714513
0.7300000000000004,27.781410766861534,73.0463869090051,100.82779767586663
0.7400000000000004,28.408469063486006,72.36376594792563,100.77223501141164
0.7500000000000004,29.043218711695427,71.67219952059466,100.71541823229009
0.7600000000000005,29.685635378834814,70.9716965769579,100.65733195579271
0.7700000000000005,30.335694789868956,70.26226605800662,100.59796084787557
0.7800000000000005,30.99337272725818,69.54391689578664,100.53728962304481
0.7900000000000005,31.65864503083444,68.81665801340723,100.47530304424167
0.8000000000000005,32.3314875976776,68.08049832505014,100.41198592272775
0.8100000000000005,33.011876381992046,67.33544673597841,100.34732311797046
0.8200000000000005,33.699787394983474,66.5815121425454,100.28129953752888
0.8300000000000005,34.395196704736,65.81870343220363,100.21390013693963
0.8400000000000005,35.09808043608948,65.04702948351375,100.14510991960324
0.8500000000000005,35.80841477051712,64.2664991661534,100.07491393667051
0.8600000000000005,36.52617594600332,63.47712134092606,100.00329728692938
0.8700000000000006,37.25134025692173,62.678904859770014,99.93024511669174
0.8800000000000006,37.98388405391369,61.87185856576717,99.85574261968085
0.8900000000000006,38.72378374376674,61.05599129315191,99.77977503691865
0.9000000000000006,39.47101578929354,60.23131186731996,99.7023276566135
0.9100000000000006,40.22555670921095,59.39782910483722,99.62338581404816
0.9200000000000006,40.98738307801938,58.555551813448645,99.54293489146802
0.9300000000000006,41.75647152588241,57.704488792087005,99.46096031796941
0.9400000000000006,42.532798738506656,56.84464883088174,99.3774475693884
0.9500000000000006,43.316341457021856,55.97604071116775,99.2923821681896
0.9600000000000006,44.107076477861256,55.09867320549423,99.20574968335549
0.9700000000000006,44.90498065264216,54.21255507763339,99.11753573027555
0.9800000000000006,45.71003088804683,53.317695082589324,99.02772597063615
0.9900000000000007,46.52220414570356,52.41410196660672,98.93630611231029
1.0000000000000007,47.34147744206803,51.50178446717962,98.84326190924764
1.0100000000000007,48.1678278483049,50.58075131306023,98.74857916136514
1.0200000000000007,49.001232490169606,49.65101122426761,98.65224371443722
1.0300000000000007,49.841668547890514,48.712572912096455,98.55424145998697
1.0400000000000007,50.689113256051165,47.76544507912577,98.45455833517693
1.0500000000000007,51.54354390347291,46.80963641922766,98.35318032270057
1.0600000000000007,52.404937833097684,45.845155617575976,98.25009345067366
1.0700000000000007,53.273272441871086,44.87201135065508,98.14528379252616
1.0800000000000007,54.14852518062564,43.890212286268465,98.0387374668941
1.0900000000000007,55.0306735539644,42.899767083547495,97.9304406375119
1.1000000000000008,55.91969512014468,41.90068439296009,97.82037951310477
1.1100000000000008,56.81556749096207,40.89297285631934,97.7085403472814
1.1200000000000008,57.71826833163475,39.876641106792206,97.59490943842695
1.1300000000000008,58.627775360687956,38.851697768908146,97.4794731295961
1.1400000000000008,59.54406634983875,37.8181514585678,97.36221780840654
1.1500000000000008,60.46711912388096,36.77601078305156,97.24312990693252
1.1600000000000008,61.39691156057044,35.72528434102825,97.12219590159869
1.1700000000000008,62.33342159051053,34.66598072256371,96.99940231307424
1.1800000000000008,63.276627197037755,33.59810850912941,96.87473570616717
1.1900000000000008,64.22650641610772,32.521676273611064,96.74818268971879
1.2000000000000008,65.18303733618134,31.436692580317196,96.61972991649854
1.2100000000000009,66.14619809811117,30.343165984987728,96.4893640830989
1.2200000000000009,67.11596689502817,29.241105034802576,96.35707192983074
1.2300000000000009,68.09232197222842,28.13051826839018,96.2228402406186
1.2400000000000009,69.07524162706041,27.011414215836083,96.08665584289649
1.2500000000000009,70.06470420881227,25.88380139869147,95.94850560750375
1.260000000000001,71.0606881185994,24.747688329981703,95.8083764485811
1.270000000000001,72.06317180925221,23.603083514214866,95.66625532346708
1.280000000000001,73.07213378520429,22.44999544739027,95.52212923259455
1.290000000000001,74.0875526023806,21.28843261700697,95.37598521938756
1.300000000000001,75.10940686808607,20.11840350207227,95.22781037015834
1.310000000000001,76.13767524089421,18.939916573110228,95.07759181400444
1.320000000000001,77.17233643053616,17.752980292170136,94.9253167227063
1.330000000000001,78.21336919778999,16.557603112834997,94.77097231062498
1.340000000000001,79.26075235436994,15.353793480229994,94.61454583459994
1.350000000000001,80.31446476281627,14.141559831030959,94.45602459384723
1.360000000000001,81.37448533638498,12.92091059347283,94.2953959298578
1.370000000000001,82.4407930389381,11.691854187358079,94.13264722629617
1.380000000000001,83.51336688483397,10.454399024065163,93.96776590889914
1.390000000000001,84.59218593881775,9.20855350655695,93.8007394453747
1.400000000000001,85.6772293159124,7.954326029389137,93.63155534530154
1.410000000000001,86.76847618130947,6.691724978718664,93.46020116002813
1.420000000000001,87.86590575026062,5.42075873231211,93.28666448257273
1.430000000000001,88.96949728796892,4.1414356595540935,93.11093294752301
1.440000000000001,90.07923010948059,2.8537641214556597,92.93299423093625
1.450000000000001,91.19508357957703,1.5577524706626544,92.75283605023968
1.460000000000001,92.31703711266692,0.25340905146409465,92.57044616413101
1.470000000000001,93.44507017267858,-1.059257800199469,92.38581237247911
1.480000000000001,94.57916227295257,-2.380239756727602,92.19892251622497
1.490000000000001,95.71929297613458,-3.709528498851639,92.00976447728294
1.500000000000001,96.86544189406847,-5.04711571562635,91.81832617844212
1.5100000000000011,98.01758868768954,-6.3929931044216115,91.62459558326793
1.5200000000000011,99.17571306691795,-7.747152370914088,91.42856069600386
1.5300000000000011,100.33979479055259,-9.10958522907892,91.23020956147367
1.5400000000000011,101.50981366616489,-10.480283401181424,91.02953026498346
1.5500000000000012,102.68574954999305,-11.859238617768796,90.82651093222425
1.5600000000000012,103.86758234683637,-13.246442617661822,90.62113972917454
1.5700000000000012,105.05529200994995,-14.641887147946607,90.41340486200335
1.5800000000000012,106.24885854093937,-16.045563963966302,90.20329457697306
1.5900000000000012,107.4482619896558,-17.457464829312848,89.99079716034296
1.6000000000000012,108.65348245409128,-18.877581515818708,89.77590093827257
1.6100000000000012,109.86450008027414,-20.305905803548644,89.5585942767255
1.6200000000000012,111.08129506216477,-21.74242948079146,89.33886558137331
1.6300000000000012,112.30384764155141,-23.187144344051795,89.11670329749961
1.6400000000000012,113.5321381079464,-24.640042198041876,88.89209590990453
1.6500000000000012,114.76614679848238,-26.10111485567333,88.66503194280905
1.6600000000000013,116.00585409780899,-27.570354138048973,88.43549995976002
1.6700000000000013,117.25124043798952,-29.04775187445461,88.2034885635349
1.6800000000000013,118.50228629839802,-30.53329990235086,87.96898639604716
1.6900000000000013,119.75897220561642,-32.026990067364956,87.73198213825145
1.7000000000000013,121.0212787333319,-33.5288142232826,87.4924645100493
1.7100000000000013,122.28918650223459,-35.038764232039775,87.2504222701948
1.7200000000000013,123.56267617991537,-36.556831963714615,87.00584421620076
1.7300000000000013,124.84172848076405,-38.083009296519236,86.75871918424481
1.7400000000000013,126.1263241658674,-39.61728811679162,86.50903604907577
1.7500000000000013,127.41644404290786,-41.15966031898747,86.25678372392039
1.7600000000000013,128.712068966062,-42.71011780567208,86.00195116038992
1.7700000000000014,130.01317983589962,-44.26865248751224,85.74452734838738
1.7800000000000014,131.31975759928275,-45.83525628326815,85.4845013160146
1.7900000000000014,132.63178324926506,-47.40992111978527,85.22186212947979
1.8000000000000014,133.9492378249912,-48.99263893198624,84.95659889300495
1.8100000000000014,135.27210241159673,-50.583401662862855,84.68870074873388
1.8200000000000014,136.60035814010803,-52.182201263467924,84.4181568766401
1.8300000000000014,137.93398618734233,-53.78902969290726,84.14495649443506
1.8400000000000014,139.27296777580818,-55.40387891833158,83.86908885747661
1.8500000000000014,140.61728417360604,-57.02674091492846,83.59054325867757
1.8600000000000014,141.966916694329,-58.657607665914334,83.30930902841467
1.8700000000000014,143.32184669696372,-60.29647116252641,83.0253755344373
1.8800000000000014,144.68205558579174,-61.94332340401469,82.73873218177705
1.8900000000000015,146.04752481029084,-63.598156397633915,82.44936841265692
1.9000000000000015,147.4182358650364,-65.26096215863559,82.1572737064008
1.9100000000000015,148.7941702896036,-66.93173271025995,81.86243757934366
1.9200000000000015,150.17530966846923,-68.610460083728,81.56484958474122
1.9300000000000015,151.5616356309138,-70.29713631823351,81.26449931268029
1.9400000000000015,152.95312985092423,-71.99175346093503,80.9613763899892
1.9500000000000015,154.34977404709605,-73.69430356694794,80.65547048014811
1.9600000000000015,155.75154998253674,-75.4047786993365,80.34677128320024
1.9700000000000015,157.15843946476824,-77.12317092910585,80.03526853566238
1.9800000000000015,158.57042434563058,-78.84947233519414,79.72095201043645
1.9900000000000015,159.9874865211852,-80.58367500446448,79.40381151672071
2.0000000000000013,161.40960793161835,-82.32577103169716,79.0838368999212
2.010000000000001,162.8367705611452,-84.07575251958157,78.76101804156362
2.020000000000001,164.26895643791377,-85.83361157870843,78.43534485920534
2.0300000000000007,165.70614763390915,-87.59934032756179,78.10680730634736
2.0400000000000005,167.1483262648579,-89.37293089251116,77.77539537234674
2.0500000000000003,168.59547449013272,-91.15437540780363,77.44109908232909
2.06,170.0475745126573,-92.94366601555598,77.10390849710132
2.07,171.50460857881131,-94.74079486574679,76.76381371306452
2.0799999999999996,172.9665589783356,-96.54575411620864,76.42080486212696
2.0899999999999994,174.43340804423764,-98.35853593262016,76.07487211161748
2.099999999999999,175.9051381526971,-100.17913248849825,75.72600566419885
2.109999999999999,177.38173172297178,-102.00753596519019,75.37419575778159
2.1199999999999988,178.8631712173036,-103.84373855186584,75.01943266543776
2.1299999999999986,180.3494391408246,-105.68773244550981,74.66170669531478
2.1399999999999983,181.84051804146353,-107.53950985091362,74.30100819054991
2.149999999999998,183.33639050985244,-109.3990629806679,73.93732752918453
2.159999999999998,184.83703917923347,-111.26638405515462,73.57065512407885
2.1699999999999977,186.34244672536565,-113.14146530253922,73.20098142282643
2.1799999999999975,187.85259586643247,-115.02429895876287,72.8282969076696
2.1899999999999973,189.36746936294875,-116.91487726753472,72.45259209541403
2.199999999999997,190.88705001766868,-118.81319248032408,72.07385753734461
2.209999999999997,192.41132067549324,-120.71923685635265,71.69208381914059
2.2199999999999966,193.94026422337834,-122.63300266258682,71.30726156079152
2.2299999999999964,195.47386359024281,-124.55448217372985,70.91938141651296
2.239999999999996,197.0121017468769,-126.4836676722142,70.52843407466271
2.249999999999996,198.55496170585064,-128.42055144819372,70.13441025765692
2.259999999999996,200.10242652142276,-130.36512579953603,69.73730072188673
2.2699999999999956,201.65447928944934,-132.31738303181464,69.3370962576347
2.2799999999999954,203.2111031472931,-134.27731545830147,68.93378768899163
2.289999999999995,204.77228127373266,-136.24491539995893,68.52736587377373
2.299999999999995,206.33799688887194,-138.22017518543228,68.11782170343966
2.3099999999999947,207.9082332540498,-140.2030871510421,67.7051461030077
2.3199999999999945,209.48297367175005,-142.19364364077634,67.2893300309737
2.3299999999999943,211.06220148551128,-144.19183700628292,66.87036447922836
2.339999999999994,212.64590007983736,-146.1976596068619,66.44824047297547
2.349999999999994,214.2340528801075,-148.21110380945782,66.02294907064967
2.3599999999999937,215.8266433524871,-150.23216198865217,65.59448136383494
2.3699999999999934,217.42365500383858,-152.26082652665562,65.16282847718296
2.3799999999999932,219.0250713816322,-154.29708981330046,64.72798156833173
2.389999999999993,220.6308760738571,-156.34094424603296,64.28993182782415
2.399999999999993,222.24105270893307,-158.39238222990582,63.84867047902725
2.4099999999999926,223.85558495562168,-160.45139617757033,63.40418877805135
2.4199999999999924,225.4744565229382,-162.5179785092691,62.956478013669084
2.429999999999992,227.09765116006332,-164.59212165282818,62.50552950723514
2.439999999999992,228.7251526562554,-166.67381804364965,62.05133461260576
2.4499999999999917,230.35694484076274,-168.76306012470394,61.593884716058795
2.4599999999999915,231.9930115827359,-170.85984034652225,61.133171236213656
2.4699999999999913,233.63333679114044,-172.96415116718916,60.66918562395128
2.479999999999991,235.2779044146697,-175.0759850523348,60.201919362334905
2.489999999999991,236.92669844165766,-177.19533447512757,59.7313639665301
2.4999999999999907,238.57970289999244,-179.3221919162663,59.25751098372615
2.5099999999999905,240.23690185702927,-181.4565498639731,58.78035199305617
2.5199999999999902,241.89827941950432,-183.59840081398548,58.29987860551884
2.52999999999999,243.56381973344838,-185.74773726954902,57.81608246389936
2.53999999999999,245.2335069841006,-187.90455174140976,57.328955242690824
2.5499999999999896,246.90732539582262,-190.06883674780678,56.83848864801584
2.5599999999999894,248.58525923201302,-192.24058481446468,56.34467441754833
2.569999999999989,250.26729279502146,-194.41978847458606,55.847504320435405
2.579999999999989,251.95341042606353,-196.60644026884404,55.34697015721949
2.5899999999999888,253.64359650513546,-198.80053274537485,54.84306375976061
2.5999999999999885,255.33783545092913,-201.00205845977027,54.335776991158866
2.6099999999999883,257.0361117207471,-203.21100997507017,53.82510174567693
2.619999999999988,258.7384098104181,-205.42737986175524,53.31102994866285
2.629999999999988,260.44471425421233,-207.65116069773936,52.79355355647297
2.6399999999999877,262.1550096247573,-209.88234506836213,52.2726645563952
2.6499999999999875,263.86928053295384,-212.12092556638154,51.74835496657229
2.6599999999999873,265.5875116278916,-214.36689479196667,51.22061683592494
2.669999999999987,267.30968759676597,-216.62024535268998,50.68944224407599
2.679999999999987,269.0357931647938,-218.88096986352016,50.15482330127364
2.6899999999999866,270.76581309513034,-221.14906094681456,49.61675214831578
2.6999999999999864,272.49973218878586,-223.42451123231191,49.07522095647394
2.709999999999986,274.2375352845427,-225.70731335712483,48.53022192741784
2.719999999999986,275.97920725887195,-227.99745996573262,47.981747293139335
2.7299999999999858,277.7247330258512,-230.2949437099737,47.429789315877514
2.7399999999999856,279.47409753708166,-232.59975724903833,46.87434028804333
2.7499999999999853,281.227285781606,-234.91189324946137,46.315392532144614
2.759999999999985,282.98428278582554,-237.2313443851146,45.752938400710946
2.769999999999985,284.74507361341904,-239.5581033371998,45.18697027621923
2.7799999999999847,286.50964336526,-241.89216279424116,44.61748057101883
2.7899999999999845,288.2779771793356,-244.23351545207794,44.04446172725767
2.7999999999999843,290.0500602306649,-246.58215401385732,43.46790621680756
2.809999999999984,291.82587773121713,-248.93807119002685,42.88780654119029
2.819999999999984,293.60541492983106,-251.30125969832739,42.30415523150367
2.8299999999999836,295.3886571121337,-253.67171226378574,41.71694484834799
2.8399999999999834,297.1755896004593,-256.0494216187072,41.12616798175213
2.849999999999983,298.96619775376877,-258.4343805026685,40.53181725110028
2.859999999999983,300.7604669675693,-260.8265816625103,39.93388530505899
2.869999999999983,302.5583826738337,-263.22601785233024,39.33236482150346
2.8799999999999826,304.3599303409206,-265.6326818334753,38.72724850744527
2.8899999999999824,306.16509547349403,-268.0465663745349,38.11852909895913
2.899999999999982,307.9738636124438,-270.4676642513334,37.50619936111036
2.909999999999982,309.78622033480565,-272.89596824692296,36.890252087882686
2.9199999999999817,311.6021512536819,-275.33147115157635,36.27068010210553
2.9299999999999815,313.421642018162,-277.7741657627796,35.6474762553824
2.9399999999999813,315.24467831324347,-280.22404488522494,35.02063342801853
2.949999999999981,317.0712458597525,-282.6811013308034,34.390144528949065
2.959999999999981,318.90133041426554,-285.1453279185979,33.756002495667644
2.9699999999999807,320.7349177690303,-287.6167174748757,33.118200294154576
2.9799999999999804,322.57199375188736,-290.0952628330815,32.476730918805856
2.9899999999999802,324.41254422619187,-292.58095683383004,31.831587392361826
2.99999999999998,326.2565550907351,-295.07379232489905,31.18276276583606
3.00999999999998,328.1040122796666,-297.5737621612222,30.530250118444428
3.0199999999999796,329.95490176241645,-300.0808592048817,29.87404255753478
3.0299999999999794,331.809209543617,-302.5950763251011,29.214133218515883
3.039999999999979,333.6669216630261,-305.1164063982386,28.550515264787464
3.049999999999979,335.5280241954489,-307.6448423077794,27.88318188766948
3.0599999999999787,337.3925032506614,-310.1803769443289,27.212126306332493
3.0699999999999785,339.2603449733328,-312.7230032056054,26.537341767727412
3.0799999999999783,341.13153554294877,-315.27271399643297,25.8588215465158
3.089999999999978,343.0060611737349,-317.82950222873444,25.176558945000465
3.099999999999978,344.88390811457987,-320.39336082152437,24.4905472930555
3.1099999999999777,346.7650626489592,-322.9642827009018,23.800779948057425
3.1199999999999775,348.6495110948588,-325.54226080004304,23.107250294815742
3.1299999999999772,350.53723980469897,-328.1272880591951,22.40995174550386
3.139999999999977,352.42823516525874,-330.719357425668,21.70887773959072
3.149999999999977,354.3224835975994,-333.3184618538281,21.00402174377126
3.1599999999999766,356.21997155698955,-335.9245943050908,20.295377251898742
3.1699999999999764,358.1206855328293,-338.53774774791384,19.582937784915487
3.179999999999976,360.0246120485752,-341.1579151577899,18.866696890785306
3.189999999999976,361.9317376616646,-343.78508951723956,18.146648144425058
3.1999999999999758,363.84204896344124,-346.4192638158045,17.422785147636716
3.2099999999999755,365.7555325790799,-349.0604310500405,16.69510152903939
3.2199999999999753,367.67217516751214,-351.70858422351006,15.963590944002078
3.229999999999975,369.5919634213517,-354.3637163467758,15.228247074575904
3.239999999999975,371.51488406681995,-357.0258204373931,14.489063629426823
3.2499999999999747,373.4409238636717,-359.6948895199036,13.746034343768088
3.2599999999999745,375.3700696051211,-362.3709166258274,12.999152979293683
3.2699999999999743,377.3023081177681,-365.053894793657,12.24841332411114
3.279999999999974,379.23762626152455,-367.7438170688498,11.493809192674746
3.289999999999974,381.17601092954004,-370.440676503821,10.735334425719032
3.2999999999999736,383.11744904812923,-373.14446615793713,9.9729828901921
3.3099999999999734,385.06192757669845,-375.85517909750877,9.206748479189685
3.319999999999973,387.00943350767204,-378.5728083957835,8.436625111888532
3.329999999999973,388.9599538664199,-381.29734713293936,7.662606733480516
3.3399999999999728,390.91347571118433,-384.0287883960775,6.884687315106817
3.3499999999999726,392.8699861330078,-386.7671252792156,6.102860853792208
3.3599999999999723,394.8294722556599,-389.5123508832804,5.317121372379461
3.369999999999972,396.79192123556516,-392.26445831610164,4.527462919463517
3.379999999999972,398.75732026173125,-395.0234406924045,3.7338795693267457
3.3899999999999717,400.7256565556762,-397.78929113380275,2.936365421873461
3.3999999999999715,402.6969173713571,-400.5620027687921,2.1349146025649475
3.4099999999999713,404.67108999509776,-403.3415687327433,1.329521262354433
3.419999999999971,406.6481617455177,-406.1279821678951,0.5201795776226277
3.429999999999971,408.6281199734604,-408.92123622334725,-0.29311624988685026
3.4399999999999706,410.61095206192186,-411.72132405505414,-1.1103719931322757
3.4499999999999704,412.5966454259795,-414.5282388258174,-1.9315933998379364
3.45999999999997,414.58518751272135,-417.3419737052795,-2.7567861925581383
3.46999999999997,416.57656580117504,-420.1625218699164,-3.585956068741382
3.47999999999997,418.5707678022371,-422.9898765030314,-4.419108700794254
3.4899999999999696,420.56778105860246,-425.8240307947475,-5.256249736145037
3.4999999999999694,422.5675931446938,-428.6649779420011,-6.097384797307313
3.509999999999969,424.57019166659154,-431.5127111485352,-6.942519481943634
3.519999999999969,426.5755642619634,-434.3672236248924,-7.7916593629290105
3.5299999999999687,428.58369859999493,-437.2285085884082,-8.644809988413272
3.5399999999999685,430.5945823813192,-440.0965592632041,-9.5019768818849
3.5499999999999683,432.6082033379474,-442.9713688801808,-10.363165542233446
3.559999999999968,434.624549233199,-445.8529306770116,-11.228381443812623
3.569999999999968,436.6436078616327,-448.74123789813547,-12.097630036502778
3.5799999999999677,438.665367048977,-451.6362837947504,-12.970916745773422
3.5899999999999674,440.6898146520612,-454.5380616248064,-13.848246972745187
3.5999999999999672,442.71693855874645,-457.4465646529992,-14.729626094252751
3.609999999999967,444.74672668785644,-460.3617861507627,-15.615059462906288
3.619999999999967,446.77916698910974,-463.2837193962634,-16.504552407153653
3.6299999999999666,448.81424744305014,-466.2123576743924,-17.398110231342287
3.6399999999999664,450.8519560609792,-469.1476942767596,-18.295738215780375
3.649999999999966,452.8922808848876,-472.0897225016865,-19.19744161679887
3.659999999999966,454.93520998738694,-475.03843565419976,-20.10322566681282
3.6699999999999657,456.9807314716419,-477.99382704602436,-21.013095574382476
3.6799999999999655,459.02883347130256,-480.95588999557674,-21.927056524274178
3.6899999999999653,461.0795041504367,-483.92461782795846,-22.845113677521738
3.699999999999965,463.1327317034622,-486.9000038749492,-23.767272171487036
3.709999999999965,465.1885043550794,-489.8820414750002,-24.693537119920848
3.7199999999999647,467.24681036020445,-492.87072397322777,-25.62391361302332
3.7299999999999645,469.30763800390184,-495.86604472140607,-26.558406717504226
3.7399999999999642,471.3709756013173,-498.8679970779613,-27.497021476644022
3.749999999999964,473.4368114976114,-501.87657440796414,-28.439762910352727
3.759999999999964,475.50513406789264,-504.89177008312373,-29.38663601523109
3.7699999999999636,477.57593171715075,-507.9135774817807,-30.33764576462994
3.7799999999999634,479.6491928801905,-510.9419899889007,-31.292797108710147
3.789999999999963,481.7249060215655,-513.9770009960679,-32.25209497450237
3.799999999999963,483.803059635512,-517.0186039014778,-33.21554426596583
3.8099999999999627,485.8836422458827,-520.0667921099315,-34.1831498640488
3.8199999999999625,487.96664240608135,-523.1215590328284,-35.154916626747024
3.8299999999999623,490.05204869899666,-526.1828980881595,-36.13084938916285
3.839999999999962,492.13984973693687,-529.2508027005015,-37.110952963564614
3.849999999999962,494.23003416156445,-532.3252663010097,-38.09523213944527
3.8599999999999617,496.3225906438306,-535.4062823274114,-39.08369168358081
3.8699999999999615,498.4175078839101,-538.4938442239998,-40.076336340089654
3.8799999999999613,500.5147746111365,-541.5879454416265,-41.07317083049003
3.889999999999961,502.6143795839371,-544.6885794376963,-42.07419985375918
3.899999999999961,504.71631158976817,-547.7957396761591,-43.07942808639092
3.9099999999999606,506.82055944505043,-550.9094196275047,-44.088860182454255
3.9199999999999604,508.9271119951045,-554.0296127687553,-45.10250077365083
3.92999999999996,511.0359581140867,-557.1563125834597,-46.120354469372955
3.93999999999996,513.1470867049247,-560.289512561686,-47.14242585676129
3.9499999999999598,515.2604866992535,-563.429206200016,-48.16871950076245
3.9599999999999596,517.3761470573518,-566.5753870015376,-49.19923994418582
3.9699999999999593,519.4940567680774,-569.7280484758394,-50.233991707762016
3.979999999999959,521.6142048488041,-572.8871841390031,-51.27297929019903
3.989999999999959,523.7365803453588,-576.0527875135982,-52.31620716823943
3.9999999999999587,525.8611723319568,-579.2248521286743,-53.36367979671752
4.009999999999959,527.9879699111392,-582.4033715197558,-54.41540160861655
4.019999999999959,530.11696221371,-585.588339228834,-55.47137701512395
4.0299999999999585,532.2481383986726,-588.7797488043623,-56.53161040568966
4.039999999999958,534.3814876531673,-591.9775938012481,-57.59610614808082
4.049999999999958,536.5169991924085,-595.1818677808478,-58.664868588439276
4.059999999999958,538.654662259622,-598.3925643109592,-59.73790205133719
4.069999999999958,540.7944661259824,-601.6096769658158,-60.81521083983341
4.079999999999957,542.9364000905513,-604.8331993260798,-61.89679923552853
4.089999999999957,545.0804534802144,-608.0631249788364,-62.98267149862204
4.099999999999957,547.2266156496197,-611.2994475175864,-64.07283186796667
4.109999999999957,549.3748759811161,-614.5421605422407,-65.16728456112457
4.119999999999957,551.525223884691,-617.7912576591133,-66.26603377442234
4.129999999999956,553.677648797908,-621.0467324809151,-67.36908368300715
4.139999999999956,555.832140185847,-624.3085786267477,-68.47643844090067
4.149999999999956,557.9886875410413,-627.5767897220964,-69.58810218105509
4.159999999999956,560.1472803834171,-630.8513593988245,-70.70407901540739
4.1699999999999555,562.3079082602316,-634.1322812951666,-71.82437303493509
4.179999999999955,564.4705607460133,-637.4195490557221,-72.94898830970874
4.189999999999955,566.6352274424995,-640.7131563314492,-74.07792888894971
4.199999999999955,568.8018979785767,-644.0130967796581,-75.21119880108142
4.209999999999955,570.9705620102189,-647.3193640640051,-76.34880205378613
4.2199999999999545,573.1412092204285,-650.6319518544857,-77.49074263405714
4.229999999999954,575.3138293191746,-653.950853827429,-78.6370245082544
4.239999999999954,577.4884120433329,-657.2760636654906,-79.78765162215768
4.249999999999954,579.6649471566265,-660.6075750576467,-80.94262790102027
4.259999999999954,581.8434244495648,-663.9453816991877,-82.10195724962284
4.269999999999953,584.0238337393846,-667.2894772917118,-83.26564355232722
4.279999999999953,586.2061648699889,-670.639855543119,-84.43369067313006
4.289999999999953,588.3904077118891,-673.996510167604,-85.6061024557149
4.299999999999953,590.5765521621439,-677.3594348856511,-86.78288272350721
4.3099999999999525,592.7645881443008,-680.7286234240269,-87.96403527972609
4.319999999999952,594.9545056083363,-684.1040695157745,-89.14956390743828
4.329999999999952,597.1462945305977,-687.4857669002071,-90.33947236960933
4.339999999999952,599.3399449137426,-690.8737093229015,-91.53376440915895
4.349999999999952,601.5354467866814,-694.2678905356925,-92.73244374901105
4.3599999999999515,603.732790204518,-697.6683042966656,-93.93551409214763
4.369999999999951,605.9319652484908,-701.0749443701519,-95.14297912166114
4.379999999999951,608.1329620259149,-704.487804526721,-96.35484250080606
4.389999999999951,610.3357706701229,-707.9068785431749,-97.57110787305203
4.399999999999951,612.5403813404073,-711.3321602025426,-98.79177886213529
4.40999999999995,614.7467842219621,-714.7636432940722,-100.01685907211004
4.41999999999995,616.9549695258249,-718.2013216132265,-101.24635208740153
4.42999999999995,619.1649274888189,-721.6451889616753,-102.48026147285645
4.43999999999995,621.3766483734945,-725.0952391472903,-103.71859077379577
4.4499999999999496,623.5901224680731,-728.5514659841383,-104.9613435160652
4.459999999999949,625.8053400863881,-732.0138632924751,-106.20852320608697
4.469999999999949,628.022291567828,-735.4824248987393,-107.46013333091128
4.479999999999949,630.2409672772798,-738.9571446355461,-108.71617735826635
4.489999999999949,632.4613576050705,-742.4380163416816,-109.97665873661117
4.4999999999999485,634.6834529669114,-745.9250338620956,-111.24158089518414
4.509999999999948,636.9072438038402,-749.4181910478961,-112.51094724405596
4.519999999999948,639.1327205821642,-752.9174817563437,-113.7847611741795
4.529999999999948,641.3598737934044,-756.422899850844,-115.06302605743963
4.539999999999948,643.5886939542381,-759.9344392009428,-116.34574524670472
4.549999999999947,645.8191716064431,-763.4520936823195,-117.63292207587642
4.559999999999947,648.0512973168408,-766.9758571767803,-118.92455985993956
4.569999999999947,650.2850616772402,-770.5057235722533,-120.22066189501311
4.579999999999947,652.520455304382,-774.0416867627813,-121.52123145839926
4.589999999999947,654.7574688398824,-777.5837406485163,-122.8262718086338
4.599999999999946,656.9960929501772,-781.1318791357132,-124.13578618553606
4.609999999999946,659.2363183264657,-784.6860961367236,-125.44977781025784
4.619999999999946,661.4781356846565,-788.2463855699899,-126.76824988533338
4.629999999999946,663.7215357653103,-791.812741360039,-128.09120559472876
4.6399999999999455,665.9665093335855,-795.3851574374766,-129.4186481038911
4.649999999999945,668.2130471791818,-798.9636277389802,-130.75058055979844
4.659999999999945,670.4611401162874,-802.5481462072945,-132.08700609100708
4.669999999999945,672.710778983521,-806.1387067912239,-133.42792780770287
4.679999999999945,674.9619546438789,-809.735303445627,-134.77334880174806
4.689999999999944,677.2146579846795,-813.337930131411,-136.12327214673144
4.699999999999944,679.4688799175092,-816.9465808155251,-137.47770089801588
4.709999999999944,681.7246113781661,-820.5612494709541,-138.836638092788
4.719999999999944,683.981843326608,-824.1819300767133,-140.20008675010536
4.729999999999944,686.2405667468959,-827.8086166178421,-141.5680498709462
4.739999999999943,688.5007726471413,-831.4413030853973,-142.94053043825602
4.749999999999943,690.7624520594509,-835.0799834764483,-144.31753141699744
4.759999999999943,693.0255960398732,-838.7246517940699,-145.6990557541967
4.769999999999943,695.2901956683451,-842.3753020473372,-147.08510637899212
4.7799999999999425,697.556242048637,-846.031928251319,-148.4756862026819
4.789999999999942,699.8237263083001,-849.6945244270721,-149.87079811877197
4.799999999999942,702.0926395986118,-853.3630846016354,-151.2704450030236
4.809999999999942,704.3629730945236,-857.0376028080235,-152.67462971349994
4.819999999999942,706.6347179946066,-860.7180730852211,-154.08335509061453
4.8299999999999415,708.9078655209989,-864.404489478177,-155.49662395717803
4.839999999999941,711.1824069193528,-868.0968460377977,-156.91443911844488
4.849999999999941,713.4583334587805,-871.7951368209424,-158.33680336216185
4.859999999999941,715.7356364318027,-875.4993558904155,-159.76371945861274
4.869999999999941,718.0143071542952,-879.2094973149623,-161.19519016066704
4.87999999999994,720.2943369654361,-882.9255551692621,-162.63121820382605
4.88999999999994,722.5757172276537,-886.6475235339225,-164.07180630626874
4.89999999999994,724.8584393265735,-890.3753964954733,-165.5169571688998
4.90999999999994,727.1424946709664,-894.1091681463611,-166.9666734753947
4.9199999999999395,729.4278746926958,-897.8488325849426,-168.42095789224675
4.929999999999939,731.7145708466671,-901.5943839154794,-169.87981306881227
4.939999999999939,734.0025746107732,-905.3458162481317,-171.34324163735846
4.949999999999939,736.291877485845,-909.1031236989523,-172.81124621310732
4.959999999999939,738.5824709955982,-912.8663003898814,-174.2838293942832
4.9699999999999385,740.8743466865824,-916.6353404487395,-175.7609937621571
4.979999999999938,743.1674961281286,-920.4102380092227,-177.24274188109405
4.989999999999938,745.4619109122991,-924.1909872108962,-178.72907629859708
4.999999999999938,747.7575826538351,-927.9775821991888,-180.21999954535363
5.009999999999938,750.0545029901056,-931.7700171253862,-181.7155141352806
5.019999999999937,752.3526635810573,-935.5682861466265,-183.21562256556922
5.029999999999937,754.6520561091618,-939.372383425893,-184.7203273167312
5.039999999999937,756.9526722793663,-943.1823031320092,-186.2296308526429
5.049999999999937,759.2545038190422,-946.9980394396327,-187.7435356205906
5.0599999999999365,761.5575424779342,-950.8195865292494,-189.26204405131512
5.069999999999936,763.8617800281102,-954.6469385871675,-190.78515855905732
5.079999999999936,766.1672082639103,-958.4800898055117,-192.31288154160143
5.089999999999936,768.4738190018968,-962.3190343822179,-193.84521538032106
5.099999999999936,770.7816040808043,-966.1637665210266,-195.38216244022226
5.1099999999999355,773.0905553614883,-970.0142804314775,-196.92372506998913
5.119999999999935,775.4006647268764,-973.8705703289036,-198.4699056020272
5.129999999999935,777.7119240819177,-977.7326304344258,-200.0207063525081
5.139999999999935,780.0243253535335,-981.6004549749466,-201.5761296214131
5.149999999999935,782.3378604905671,-985.4740381831446,-203.13617769257746
5.159999999999934,784.6525214637344,-989.353374297468,-204.70085283373362
5.169999999999934,786.9683002655739,-993.2384575621302,-206.27015729655625
5.179999999999934,789.2851889103985,-997.1292822271029,-207.8440933167044
5.189999999999934,791.6031794342443,-1001.0258425481106,-209.4226631138663
5.199999999999934,793.9222638948237,-1004.9281327866256,-211.00586889180192
5.209999999999933,796.2424343714741,-1008.8361472098608,-212.59371283838664
5.219999999999933,798.5636829651106,-1012.749880090765,-214.18619712565442
5.229999999999933,800.8860017981758,-1016.6693257080171,-215.78332390984133
5.239999999999933,803.2093830145919,-1020.5944783460201,-217.38509533142815
5.2499999999999325,805.5338187797116,-1024.5253322948956,-218.991513515184
5.259999999999932,807.8593012802698,-1028.4618818504775,-220.6025805702077
5.269999999999932,810.1858227243351,-1032.4041213143073,-222.21829858997216
5.279999999999932,812.5133753412608,-1036.3520449936275,-223.83866965236666
5.289999999999932,814.8419513816373,-1040.3056472013761,-225.46369581973886
5.299999999999931,817.1715431172443,-1044.264922256181,-227.09337913893683
5.309999999999931,819.502142841001,-1048.2298644823547,-228.7277216413537
5.319999999999931,821.8337428669205,-1052.200468209888,-230.36672534296747
5.329999999999931,824.1663355300597,-1056.1767277744445,-232.0103922443849
5.339999999999931,826.4999131864735,-1060.1586375173547,-233.65872433088123
5.34999999999993,828.8344682131657,-1064.1461917856113,-235.31172357244566
5.35999999999993,831.1699930080417,-1068.1393849318622,-236.96939192382047
5.36999999999993,833.5064799898618,-1072.1382113144061,-238.63173132454438
5.37999999999993,835.8439215981931,-1076.1426652971854,-240.29874369899233
5.3899999999999295,838.182310293362,-1080.152741249782,-241.97043095641993
5.399999999999929,840.5216385564084,-1084.168433547411,-243.6467949910026
5.409999999999929,842.8618988890372,-1088.189736570915,-245.3278376818779
5.419999999999929,845.2030838135717,-1092.2166447067582,-247.01356089318654
5.429999999999929,847.5451858729073,-1096.249152347022,-248.70396647411462
5.4399999999999284,849.8881976304639,-1100.2872538893973,-250.39905625893346
5.449999999999928,852.2321116701401,-1104.3309437371818,-252.0988320670417
5.459999999999928,854.5769205962662,-1108.380216299271,-253.8032957030049
5.469999999999928,856.922617033557,-1112.4350659901552,-255.51244895659818
5.479999999999928,859.2691936270677,-1116.4954872299131,-257.22629360284543
5.489999999999927,861.6166430421443,-1120.5614744442055,-258.94483140206114
5.499999999999927,863.9649579643807,-1124.633022064271,-260.66806409989033
5.509999999999927,866.3141310995703,-1128.7101245269193,-262.395993427349
5.519999999999927,868.6641551736614,-1132.7927762745262,-264.12862110086485
5.5299999999999265,871.0150229327104,-1136.880971755028,-265.8659488223176
5.539999999999926,873.366727142837,-1140.9747054219156,-267.60797827907857
5.549999999999926,875.7192605901773,-1145.0739717342296,-269.3547111440523
5.559999999999926,878.0726160808393,-1149.1787651565542,-271.1061490757148
5.569999999999926,880.426786440857,-1153.2890801590113,-272.8622937181543
5.5799999999999255,882.7817645161442,-1157.404911217256,-274.62314670111186
5.589999999999925,885.1375431724512,-1161.5262528124704,-276.3887096400192
5.599999999999925,887.4941152953176,-1165.653099431358,-278.15898413604043
5.609999999999925,889.8514737900281,-1169.7854455661386,-279.9339717761105
5.619999999999925,892.2096115815677,-1173.9232857145423,-281.7136741329746
5.629999999999924,894.5685216145761,-1178.0666143798044,-283.4980927652283
5.639999999999924,896.9281968533031,-1182.21542607066,-285.28722921735687
5.649999999999924,899.2886302815648,-1186.3697153013372,-287.08108501977244
5.659999999999924,901.6498149026972,-1190.5294765915537,-288.87966168885646
5.6699999999999235,904.0117437395135,-1194.6947044665098,-290.6829607269964
5.679999999999923,906.374409834258,-1198.8653934568833,-292.4909836226253
5.689999999999923,908.7378062485636,-1203.041538098824,-294.3037318502604
5.699999999999923,911.1019260634057,-1207.2231329339486,-296.1212068705429
5.709999999999923,913.4667623790589,-1211.4101725093349,-297.943410130276
5.7199999999999225,915.8323083150533,-1215.6026513775157,-299.7703430624624
5.729999999999922,918.1985570101298,-1219.8005640964748,-301.602007086345
5.739999999999922,920.5655016221968,-1224.0039052296404,-303.43840360744355
5.749999999999922,922.9331353282864,-1228.2126693458797,-305.2795340175933
5.759999999999922,925.3014513245103,-1232.4268510194945,-307.12539969498425
5.769999999999921,927.6704428260159,-1236.6464448302145,-308.97600200419856
5.779999999999921,930.0401030669439,-1240.8714453631922,-310.8313422962483
5.789999999999921,932.410425300384,-1245.101847208998,-312.69142190861396
5.799999999999921,934.7814027983317,-1249.3376449636144,-314.5562421652827
5.809999999999921,937.1530288516461,-1253.5788332284305,-316.4258043767844
5.81999999999992,939.5252967700046,-1257.8254066102372,-318.3001098402326
5.82999999999992,941.8981998818624,-1262.0773597212205,-320.17915983935814
5.83999999999992,944.2717315344075,-1266.3346871789574,-322.0629556445499
5.84999999999992,946.6458850935189,-1270.5973836064097,-323.9514985128908
5.8599999999999195,949.0206539437238,-1274.8654436319198,-325.844789688196
5.869999999999919,951.3960314881541,-1279.138861889203,-327.742830401049
5.879999999999919,953.772011148505,-1283.417633017345,-329.64562186883995
5.889999999999919,956.1485863649916,-1287.7017516607941,-331.5531652958025
5.899999999999919,958.525750596307,-1291.9912124693576,-333.4654618730506
5.909999999999918,960.9034973195797,-1296.286010098195,-335.38251277861525
5.919999999999918,963.2818200303317,-1300.5861392078136,-337.30431917748194
5.929999999999918,965.6607122424354,-1304.891594464063,-339.23088222162767
5.939999999999918,968.0401674880728,-1309.2023705381296,-341.16220305005675
5.949999999999918,970.4201793176936,-1313.518462106531,-343.0982827888373
5.959999999999917,972.8007412999715,-1317.8398638511112,-345.0391225511397
5.969999999999917,975.1818470217645,-1322.1665704590348,-346.9847234372703
5.979999999999917,977.5634900880724,-1326.4985766227824,-348.93508653470997
5.989999999999917,979.9456641219949,-1330.8358770401442,-350.89021291814925
5.9999999999999165,982.3283627646904,-1335.1784664142153,-352.85010364952495
6.009999999999916,984.7115796753345,-1339.5263394533906,-354.8147597780561
6.019999999999916,987.0953085310791,-1343.8794908713596,-356.7841823402805
6.029999999999916,989.4795430270101,-1348.2379153870995,-358.7583723600894
6.039999999999916,991.8642768761075,-1352.6016077248728,-360.7373308487653
6.0499999999999154,994.2495038092034,-1356.9705626142193,-362.7210588050159
6.059999999999915,996.6352175749417,-1361.344774789952,-364.70955721501025
6.069999999999915,999.0214119397361,-1365.7242389921523,-366.7028270524162
6.079999999999915,1001.4080806877312,-1370.108949966164,-368.7008692784327
6.089999999999915,1003.7952176207592,-1374.4989024625872,-370.703684841828
6.099999999999914,1006.1828165583017,-1378.8940912372755,-372.7112746789737
6.109999999999914,1008.570871337448,-1383.2945110513278,-374.72363971387983
6.119999999999914,1010.959375812854,-1387.7001566710865,-376.7407808582325
6.129999999999914,1013.3483238567035,-1392.1110228681277,-378.7626990114243
6.1399999999999135,1015.7377093586664,-1396.5271044192607,-380.7893950605943
6.149999999999913,1018.1275262258595,-1400.9483961065193,-382.82086988065987
6.159999999999913,1020.5177683828053,-1405.3748927171591,-384.8571243343538
6.169999999999913,1022.9084297713933,-1409.8065890436499,-386.8981592722565
6.179999999999913,1025.2995043508392,-1414.243479883672,-388.94397553283284
6.1899999999999125,1027.6909860976448,-1418.6855600401107,-390.9945739424659
6.199999999999912,1030.0828690055591,-1423.1328243210512,-393.04995531549207
6.209999999999912,1032.475147085538,-1427.585267539773,-395.1101204542349
6.219999999999912,1034.8678143657048,-1432.0428845147449,-397.17507014904004
6.229999999999912,1037.2608648913103,-1436.5056700696202,-399.2448051783099
6.239999999999911,1039.6542927246942,-1440.9736190332303,-401.3193263085361
6.249999999999911,1042.048091945245,-1445.4467262395813,-403.39863429433626
6.259999999999911,1044.4422566493613,-1449.924986527847,-405.48272987848577
6.269999999999911,1046.8367809504118,-1454.4083947423658,-407.57161379195395
6.2799999999999105,1049.2316589786979,-1458.8969457326334,-409.66528675393556
6.28999999999991,1051.626884881412,-1463.3906343532985,-411.7637494718865
6.29999999999991,1054.0224528226008,-1467.8894554641581,-413.8670026415573
6.30999999999991,1056.418356983126,-1472.3934039301516,-415.9750469470257
6.31999999999991,1058.8145915606242,-1476.9024746213572,-418.087883060733
6.3299999999999095,1061.2111507694701,-1481.416662412984,-420.2055116435138
6.339999999999909,1063.6080288407372,-1485.9359621853694,-422.32793334463213
6.349999999999909,1066.0052200221578,-1490.4603688239727,-424.45514880181486
6.359999999999909,1068.4027185780867,-1494.9898772193706,-426.58715864128385
6.369999999999909,1070.800518789463,-1499.5244822672514,-428.7239634777884
6.379999999999908,1073.1986149537686,-1504.0641788684106,-430.86556391464205
6.389999999999908,1075.5970013849937,-1508.6089619287452,-433.01196054375146
6.399999999999908,1077.9956724135973,-1513.1588263592491,-435.16315394565186
6.409999999999908,1080.394622386468,-1517.7137670760073,-437.31914468953937
6.419999999999908,1082.7938456668878,-1522.2737790001922,-439.4799333333044
6.429999999999907,1085.193336634493,-1526.8388570580564,-441.6455204235633
6.439999999999907,1087.5930896852383,-1531.4089961809295,-443.81590649569125
6.449999999999907,1089.9930992313552,-1535.9841913052126,-445.9910920738573
6.459999999999907,1092.3933597013197,-1540.564437372372,-448.1710776710522
6.4699999999999065,1094.7938655398098,-1545.1497293289358,-450.35586378912603
6.479999999999906,1097.1946112076714,-1549.7400621264876,-452.5454509188162
6.489999999999906,1099.5955911818787,-1554.3354307216623,-454.7398395397836
6.499999999999906,1101.9967999554988,-1558.9358300761407,-456.939030120642
6.509999999999906,1104.3982320376524,-1563.5412551566444,-459.143023118992
6.519999999999905,1106.799881953479,-1568.1517009349307,-461.35181898145174
6.529999999999905,1109.2017442440974,-1572.7671623877873,-463.56541814368984
6.539999999999905,1111.603813466571,-1577.3876344970283,-465.7838210304574
6.549999999999905,1114.0060841938691,-1582.0131122494888,-468.0070280556197
6.559999999999905,1116.4085510148311,-1586.643590637018,-470.23503962218683
6.569999999999904,1118.8112085341288,-1591.2790646564772,-472.4678561223484
6.579999999999904,1121.2140513722309,-1595.9195293097328,-474.7054779375019
6.589999999999904,1123.6170741653652,-1600.564979603652,-476.94790543828685
6.599999999999904,1126.0202715654839,-1605.2154105500979,-479.195138984614
6.6099999999999035,1128.4236382402241,-1609.8708171659234,-481.4471789256993
6.619999999999903,1130.827168872875,-1614.5311944729679,-483.7040256000928
6.629999999999903,1133.230858162339,-1619.1965374980512,-485.96567933571214
6.639999999999903,1135.6347008230964,-1623.866841272968,-488.2321404498716
6.649999999999903,1138.038691585169,-1628.5421008344852,-490.50340924931606
6.659999999999902,1140.4428251940856,-1633.222311224334,-492.77948603024834
6.669999999999902,1142.847096410843,-1637.907467489207,-495.0603710783639
6.679999999999902,1145.2515000118724,-1642.5975646807528,-497.34606466888044
6.689999999999902,1147.6560307890034,-1647.2925978555704,-499.63656706656707
6.699999999999902,1150.0606835494277,-1651.992562075205,-501.93187852577717
6.709999999999901,1152.465453115663,-1656.6974524061418,-504.2319992904788
6.719999999999901,1154.8703343255188,-1661.4072639198037,-506.53692959428486
6.729999999999901,1157.2753220320587,-1666.121991692543,-508.84666966048417
6.739999999999901,1159.6804111035685,-1670.8416308056394,-511.16121970207087
6.7499999999999005,1162.0855964235159,-1675.5661763452927,-513.4805799217768
6.7599999999999,1164.49087289052,-1680.2956234026196,-515.8047505120996
6.7699999999999,1166.8962354183132,-1685.029967073648,-518.1337316553349
6.7799999999999,1169.301678935707,-1689.7692024593123,-520.4675235236052
6.7899999999999,1171.7071983865565,-1694.5133246654482,-522.8061262788917
6.7999999999998995,1174.1127887297264,-1699.2623288027885,-525.1495400730621
6.809999999999899,1176.5184449390547,-1704.016209986957,-527.4977650479022
6.819999999999899,1178.9241620033185,-1708.7749633384647,-529.8508013351461
6.829999999999899,1181.3299349262004,-1713.5385839827045,-532.2086490565041
6.839999999999899,1183.735758726251,-1718.3070670499465,-534.5713083236953
6.849999999999898,1186.141628436858,-1723.0804076753327,-536.9387792384748
6.859999999999898,1188.5475391062073,-1727.8586009988726,-539.3110618926653
6.869999999999898,1190.9534857972524,-1732.641642165438,-541.6881563681857
6.879999999999898,1193.3594635876777,-1737.4295263247584,-544.0700627370807
6.8899999999998975,1195.7654675698664,-1742.2222486314158,-546.4567810615495
6.899999999999897,1198.1714928508627,-1747.0198042448403,-548.8483113939776
6.909999999999897,1200.5775345523411,-1751.8221883293047,-551.2446537769636
6.919999999999897,1202.9835878105707,-1756.6293960539201,-553.6458082433494
6.929999999999897,1205.389647776381,-1761.4414225926314,-556.0517748162504
6.9399999999998965,1207.795709615128,-1766.2582631242108,-558.4625535090827
6.949999999999896,1210.2017685066623,-1771.0799128322549,-560.8781443255925
6.959999999999896,1212.6078196452916,-1775.906366905179,-563.2985472598875
6.969999999999896,1215.0138582397497,-1780.737620536213,-565.7237622964633
6.979999999999896,1217.4198795131626,-1785.573668923395,-568.1537894102323
6.989999999999895,1219.825878703014,-1790.4145072695674,-570.5886285665533
6.999999999999895,1222.2318510611128,-1795.2601307823734,-573.0282797212606
7.009999999999895,1224.6377918535577,-1800.1105346742497,-575.472742820692
7.019999999999895,1227.0436963607065,-1804.965714162424,-577.9220178017176
7.0299999999998946,1229.4495598771402,-1809.8256644689081,-580.3761045917679
7.039999999999894,1231.8553777116324,-1814.6903808204952,-582.8350031088628
7.049999999999894,1234.261145187114,-1819.559858448753,-585.298713261639
7.059999999999894,1236.666857640641,-1824.4340925900208,-587.7672349493798
7.069999999999894,1239.072510423361,-1829.3130784854036,-590.2405680620425
7.0799999999998935,1241.4780989004814,-1834.1968113807686,-592.7187124802872
7.089999999999893,1243.8836184512347,-1839.0852865267382,-595.2016680755034
7.099999999999893,1246.2890644688478,-1843.978499178687,-597.6894347098391
7.109999999999893,1248.6944323605069,-1848.8764445967367,-600.1820122362299
7.119999999999893,1251.0997175473271,-1853.7791180457514,-602.6794004984242
7.129999999999892,1253.5049154643184,-1858.6865147953329,-605.1815993310145
7.139999999999892,1255.910021560353,-1863.5986301198147,-607.6886085594617
7.149999999999892,1258.3150312981347,-1868.5154592982597,-610.2004280001249
7.159999999999892,1260.719940154164,-1873.436997614453,-612.717057460289
7.169999999999892,1263.1247436187075,-1878.3632403568993,-615.2384967381918
7.179999999999891,1265.5294371957652,-1883.2941828188161,-617.7647456230509
7.189999999999891,1267.934016403038,-1888.2298202981308,-620.2958038950928
7.199999999999891,1270.3384767718958,-1893.1701480974748,-622.831671325579
7.209999999999891,1272.7428138473451,-1898.1151615241797,-625.3723476768346
7.2199999999998905,1275.147023187999,-1903.0648558902715,-627.9178327022726
7.22999999999989,1277.551100366042,-1908.0192265124665,-630.4681261464245
7.23999999999989,1279.9550409672008,-1912.9782687121676,-633.0232277449668
7.24999999999989,1282.3588405907108,-1917.941977815458,-635.5831372247471
7.25999999999989,1284.7624948492858,-1922.9103491530966,-638.1478543038108
7.269999999999889,1287.1659993690857,-1927.8833780605148,-640.7173786914291
7.279999999999889,1289.5693497896848,-1932.8610598778105,-643.2917100881257
7.289999999999889,1291.9725417640407,-1937.8433899497438,-645.8708481857032
7.299999999999889,1294.3755709584627,-1942.8303636257326,-648.4547926672699
7.309999999999889,1296.77843305258,-1947.8219762598474,-651.0435432072672
7.319999999999888,1299.1811237393108,-1952.818223210807,-653.6370994714962
7.329999999999888,1301.5836387248319,-1957.8190998419745,-656.2354611171427
7.339999999999888,1303.9859737285453,-1962.8246015213506,-658.8386277928053
7.349999999999888,1306.3881244830504,-1967.8347236215714,-661.4465991385209
7.3599999999998875,1308.7900867341095,-1972.8494615199027,-664.0593747857931
7.369999999999887,1311.1918562406188,-1977.8688105982344,-666.6769543576156
7.379999999999887,1313.5934287745774,-1982.8927662430779,-669.2993374685004
7.389999999999887,1315.994800121056,-1987.9213238455595,-671.9265237245036
7.399999999999887,1318.3959660781663,-1992.9544788014177,-674.5585127232514
7.4099999999998865,1320.7969224570309,-1997.992226510997,-677.1953040539661
7.419999999999886,1323.1976650817514,-2003.0345623792432,-679.8368972974918
7.429999999999886,1325.5981897893794,-2008.0814818157003,-682.4832920263209
7.439999999999886,1327.998492429884,-2013.1329802345053,-685.1344878046214
7.449999999999886,1330.398568866123,-2018.189053054383,-687.79048418826
7.459999999999885,1332.7984149738127,-2023.249695698641,-690.4512807248284
7.469999999999885,1335.1980266414962,-2028.3149035951672,-693.116876953671
7.479999999999885,1337.5973997705141,-2033.3846721764228,-695.7872724059087
7.489999999999885,1339.9965302749742,-2038.4589968794394,-698.4624666044651
7.4999999999998845,1342.3954140817216,-2043.537873145814,-701.1424590640925
7.509999999999884,1344.7940471303084,-2048.621296421704,-703.8272492913954
7.519999999999884,1347.1924253729626,-2053.7092621578226,-706.5168367848601
7.529999999999884,1349.5905447745606,-2058.8017658094354,-709.2112210348748
7.539999999999884,1351.9884013125957,-2063.898802836354,-711.9104015237585
7.5499999999998835,1354.3859909771488,-2069.000368702934,-714.6143777257851
7.559999999999883,1356.783309770858,-2074.1064588780664,-717.3231491072083
7.569999999999883,1359.1803537088902,-2079.2170688351785,-720.0367151262883
7.579999999999883,1361.5771188189103,-2084.332194052224,-722.7550752333138
7.589999999999883,1363.9736011410525,-2089.4518300116833,-725.4782288706308
7.599999999999882,1366.3697967278902,-2094.5759722005537,-728.2061754726635
7.609999999999882,1368.7657016444073,-2099.7046161103503,-730.9389144659431
7.619999999999882,1371.1613119679685,-2104.8377572370973,-733.6764452691289
7.629999999999882,1373.5566237882892,-2109.975391081326,-736.4187672930368
7.6399999999998816,1375.9516332074081,-2115.1175131480695,-739.1658799406614
7.649999999999881,1378.346336339657,-2120.2641189468573,-741.9177826072003
7.659999999999881,1380.7407293116303,-2125.4152039917126,-744.6744746800823
7.669999999999881,1383.1348082621591,-2130.570763801146,-747.4359555389867
7.679999999999881,1385.5285693422807,-2135.7307938981517,-750.202224555871
7.6899999999998805,1387.9220087152078,-2140.8952898102048,-752.973281094997
7.69999999999988,1390.315122556303,-2146.064247069253,-755.7491245129497
7.70999999999988,1392.707907053048,-2151.237661211716,-758.5297541586679
7.71999999999988,1395.1003584050156,-2156.415527778478,-761.3151693734624
7.72999999999988,1397.49247282384,-2161.5978423148854,-764.1053694910454
7.739999999999879,1399.88424653319,-2166.7846003707414,-766.9003538375514
7.749999999999879,1402.275675768739,-2171.975797500301,-769.7001217315619
7.759999999999879,1404.6667567781362,-2177.1714292622682,-772.504672484132
7.769999999999879,1407.0574858209814,-2182.3714912197893,-775.3140053988079
7.779999999999879,1409.4478591687919,-2187.575978940451,-778.1281197716592
7.789999999999878,1411.8378731049777,-2192.784887996273,-780.9470148912953
7.799999999999878,1414.2275239248117,-2197.9982139637073,-783.7706900388955
7.809999999999878,1416.6168079354027,-2203.21595242363,-786.5991444882272
7.819999999999878,1419.005721455666,-2208.4380989613387,-789.4323775056728
7.8299999999998775,1421.3942608162963,-2213.6646491665488,-792.2703883502525
7.839999999999877,1423.782422359739,-2218.895598633387,-795.1131762736482
7.849999999999877,1426.1702024401634,-2224.13094296039,-797.9607405202264
7.859999999999877,1428.5575974234334,-2229.3706777504954,-800.8130803270619
7.869999999999877,1430.9446036870813,-2234.6147986110427,-803.6701949239614
7.879999999999876,1433.331217620278,-2239.8633011537645,-806.5320835334865
7.889999999999876,1435.7174356238077,-2245.116180994785,-809.3987453709772
7.899999999999876,1438.1032541100383,-2250.373433754613,-812.2701796445747
7.909999999999876,1440.4886695028947,-2255.6350550581406,-815.1463855552458
7.919999999999876,1442.873678237832,-2260.9010405346366,-818.0273622968045
7.929999999999875,1445.2582767618067,-2266.1713858177427,-820.913109055936
7.939999999999875,1447.6424615332498,-2271.446086545469,-823.8036250122191
7.949999999999875,1450.0262290220403,-2276.7251383601897,-826.6989093381494
7.959999999999875,1452.4095757094767,-2282.008536908639,-829.5989611991624
7.9699999999998745,1454.7924980882503,-2287.2962778419073,-832.503779753657
7.979999999999874,1457.1749926624184,-2292.588356815434,-835.4133641530157
7.989999999999874,1459.5570559473765,-2297.8847694890082,-838.3277135416317
7.999999999999874,1461.9386844698324,-2303.1855115267585,-841.2468270569261
8.009999999999874,1464.3198747677777,-2308.4905785971528,-844.170703829375
8.019999999999873,1466.7006233904629,-2313.799966372994,-847.099342982531
8.029999999999873,1469.0809268983678,-2319.113670531411,-850.0327436330433
8.039999999999873,1471.4607818631773,-2324.4316867538614,-852.9709048906841
8.049999999999873,1473.8401848677538,-2329.7540107261216,-855.9138258583678
8.059999999999873,1476.2191325061094,-2335.0806381382836,-858.8615056321742
8.069999999999872,1478.5976213833815,-2340.411564684754,-861.8139433013725
8.079999999999872,1480.9756481158038,-2345.746786064245,-864.7711379484413
8.089999999999872,1483.353209330682,-2351.086297979773,-867.7330886490911
8.099999999999872,1485.730301666365,-2356.4300961386534,-870.6997944722884
8.109999999999872,1488.1069217722215,-2361.778176252497,-873.6712544802754
8.119999999999871,1490.4830663086107,-2367.130534037204,-876.6474677285935
8.129999999999871,1492.858731946858,-2372.487165212962,-879.6284332661039
8.139999999999871,1495.2339153692271,-2377.848065504239,-882.6141501350119
8.14999999999987,1497.608613268897,-2383.213230639783,-885.604617370886
8.15999999999987,1499.9828223499312,-2388.582656352614,-888.5998340026827
8.16999999999987,1502.356539327256,-2393.95633838002,-891.599799052764
8.17999999999987,1504.729760926632,-2399.3342724635563,-894.6045115369243
8.18999999999987,1507.1024838846292,-2404.716454349037,-897.6139704644079
8.19999999999987,1509.4747049485998,-2410.1028797865333,-900.6281748379336
8.20999999999987,1511.8464208766545,-2415.4935445303686,-903.6471236537141
8.21999999999987,1514.2176284376349,-2420.8884443391125,-906.6708159014777
8.229999999999869,1516.588324411089,-2426.28757497558,-909.699250564491
8.239999999999869,1518.9585055872446,-2431.6909322068254,-912.7324266195808
8.249999999999869,1521.3281687669844,-2437.0985118041363,-915.7703430371519
8.259999999999868,1523.6973107618198,-2442.510309543033,-918.8129987812133
8.269999999999868,1526.0659283938662,-2447.9263212032624,-921.8603928093962
8.279999999999868,1528.4340184958169,-2453.346542568792,-924.912524072975
8.289999999999868,1530.8015779109178,-2458.7709694278083,-927.9693915168905
8.299999999999867,1533.168603492942,-2464.1995975727123,-931.0309940797702
8.309999999999867,1535.5350921061663,-2469.632422800115,-934.0973306939486
8.319999999999867,1537.9010406253426,-2475.069440910831,-937.1684002854884
8.329999999999867,1540.2664459356752,-2480.5106477098775,-940.2442017742023
8.339999999999867,1542.6313049327955,-2485.9560390064694,-943.3247340736739
8.349999999999866,1544.9956145227363,-2491.4056106140138,-946.4099960912774
8.359999999999866,1547.3593716219066,-2496.859358350106,-949.4999867281995
8.369999999999866,1549.7225731570675,-2502.317278036526,-952.5947048794587
8.379999999999866,1552.085216065307,-2507.7793654992356,-955.6941494339287
8.389999999999866,1554.4472972940146,-2513.24561656837,-958.7983192743557
8.399999999999865,1556.8088138008573,-2518.716027078239,-961.907213277382
8.409999999999865,1559.1697625537547,-2524.190592867318,-965.0208303135635
8.419999999999865,1561.530140530854,-2529.669309778248,-968.1391692473942
8.429999999999865,1563.8899447205054,-2535.152173657828,-971.2622289373226
8.439999999999864,1566.249172121238,-2540.6391803570127,-974.3900082357748
8.449999999999864,1568.6078197417337,-2546.1303257309078,-977.5225059891741
8.459999999999864,1570.9658846008065,-2551.6256056387665,-980.65972103796
8.469999999999864,1573.3233637273734,-2557.1250159439837,-983.8016522166104
8.479999999999864,1575.6802541604334,-2562.628552514095,-986.9482983536618
8.489999999999863,1578.0365529490412,-2568.1362112207685,-990.0996582717273
8.499999999999863,1580.3922571522844,-2573.6479879398034,-993.255730787519
8.509999999999863,1582.7473638392587,-2579.163878551126,-996.4165147118672
8.519999999999863,1585.1018700890436,-2584.683878938783,-999.5820088497394
8.529999999999863,1587.455772990678,-2590.2079849909405,-1002.7522120002625
8.539999999999862,1589.8090696431377,-2595.736192599878,-1005.9271229567403
8.549999999999862,1592.161757155309,-2601.2684976619853,-1009.1067405066763
8.559999999999862,1594.513832645967,-2606.8048960777573,-1012.2910634317902
8.569999999999862,1596.8652932437512,-2612.3453837517895,-1015.4800905080383
8.579999999999862,1599.2161360871398,-2617.8899565927773,-1018.6738205056374
8.589999999999861,1601.5663583244293,-2623.4386105135077,-1021.8722521890784
8.599999999999861,1603.9159571137063,-2628.9913414308567,-1025.0753843171503
8.60999999999986,1606.2649296228294,-2634.5481452657873,-1028.2832156429579
8.61999999999986,1608.6132730294,-2640.1090179433418,-1031.4957449139417
8.62999999999986,1610.9609845207433,-2645.6739553926395,-1034.7129708718962
8.63999999999986,1613.3080612938813,-2651.242953546874,-1037.9348922529928
8.64999999999986,1615.654500555512,-2656.816008343307,-1041.1615077877952
8.65999999999986,1618.0002995219834,-2662.393115723264,-1044.3928162012808
8.66999999999986,1620.3454554192724,-2667.9742716321334,-1047.628816212861
8.67999999999986,1622.6899654829608,-2673.559472019358,-1050.8695065363972
8.68999999999986,1625.0338269582114,-2679.1487128384347,-1054.1148858802233
8.699999999999859,1627.377037099745,-2684.741990046908,-1057.3649529471631
8.709999999999859,1629.7195931718181,-2690.3392996063676,-1060.6197064345495
8.719999999999859,1632.0614924481984,-2695.9406374824434,-1063.879145034245
8.729999999999858,1634.402732212143,-2701.545999644801,-1067.1432674326581
8.739999999999858,1636.7433097563749,-2707.15538206714,-1070.4120723107653
8.749999999999858,1639.0832223830591,-2712.7687807271873,-1073.6855583441281
8.759999999999858,1641.4224674037814,-2718.3861916066926,-1076.9637242029112
8.769999999999857,1643.7610421395248,-2724.007610691428,-1080.2465685519032
8.779999999999857,1646.0989439206458,-2729.6330339711812,-1083.5340900505355
8.789999999999857,1648.4361700868533,-2735.2624574397523,-1086.826287352899
8.799999999999857,1650.7727179871843,-2740.8958770949494,-1090.123159107765
8.809999999999857,1653.1085849799824,-2746.533288938585,-1093.4247039586025
8.819999999999856,1655.4437684328739,-2752.174688976471,-1096.730920543597
8.829999999999856,1657.7782657227467,-2757.820073218416,-1100.0418074956692
8.839999999999856,1660.1120742357277,-2763.469437678221,-1103.3573634424931
8.849999999999856,1662.4451913671587,-2769.122778373675,-1106.6775870065162
8.859999999999856,1664.7776145215753,-2774.7800913265514,-1110.0024768049761
8.869999999999855,1667.1093411126847,-2780.4413725626036,-1113.332031449919
8.879999999999855,1669.440368563342,-2786.1066181115616,-1116.6662495482196
8.889999999999855,1671.7706943055296,-2791.7758240071266,-1120.005129701597
8.899999999999855,1674.100315780334,-2797.44898628697,-1123.348670506636
8.909999999999854,1676.4292304379244,-2803.126100992725,-1126.6968705548004
8.919999999999854,1678.757435737529,-2808.8071641699876,-1130.0497284324586
8.929999999999854,1681.0849291474146,-2814.492171868308,-1133.4072427208935
8.939999999999854,1683.4117081448633,-2820.181120141192,-1136.7694119963287
8.949999999999854,1685.7377702161525,-2825.8740050460897,-1140.1362348299372
8.959999999999853,1688.0631128565294,-2831.570822644398,-1143.5077097878686
8.969999999999853,1690.3877335701934,-2837.271569001455,-1146.8838354312618
8.979999999999853,1692.711629870271,-2842.9762401865346,-1150.2646103162635
8.989999999999853,1695.0347992787952,-2848.6848322728433,-1153.6500329940482
8.999999999999853,1697.3572393266843,-2854.3973413375156,-1157.0401020108313
9.009999999999852,1699.6789475537182,-2860.113763461613,-1160.4348159078947
9.019999999999852,1701.99992150852,-2865.834094730116,-1163.8341732215958
9.029999999999852,1704.3201587485314,-2871.5583312319227,-1167.2381724833913
9.039999999999852,1706.6396568399925,-2877.286469059844,-1170.6468122198514
9.049999999999851,1708.9584133579199,-2883.0185043106003,-1174.0600909526804
9.059999999999851,1711.276425886086,-2888.7544330848177,-1177.4780071987318
9.069999999999851,1713.5936920169959,-2894.494251487022,-1180.9005594700263
9.07999999999985,1715.9102093518684,-2900.2379556256387,-1184.3277462737703
9.08999999999985,1718.2259755006128,-2905.985541612985,-1187.759566112372
9.09999999999985,1720.5409880818074,-2911.737005565268,-1191.1960174834608
9.10999999999985,1722.855244722681,-2917.492343602581,-1194.6370988799001
9.11999999999985,1725.1687430590882,-2923.2515518489,-1198.0828087898117
9.12999999999985,1727.4814807354899,-2929.0146264320765,-1201.5331456965866
9.13999999999985,1729.7934554049327,-2934.781563483839,-1204.9881080789062
9.14999999999985,1732.1046647290277,-2940.552359139783,-1208.4476944107555
9.15999999999985,1734.4151063779282,-2946.3270095393736,-1211.9119031614455
9.169999999999849,1736.7247780303103,-2952.105510825937,-1215.3807327956267
9.179999999999849,1739.033677373351,-2957.8878591466564,-1218.8541817733053
9.189999999999849,1741.3418021027082,-2963.674050652573,-1222.3322485498647
9.199999999999848,1743.6491499224987,-2969.464081498576,-1225.8149315760772
9.209999999999848,1745.9557185452782,-2975.2579478434027,-1229.3022292981245
9.219999999999848,1748.261505692021,-2981.055645849635,-1232.7941401576138
9.229999999999848,1750.5665090920988,-2986.857171683691,-1236.290662591592
9.239999999999847,1752.8707264832592,-2992.662521515826,-1239.7917950325668
9.249999999999847,1755.1741556116067,-2998.471691520129,-1243.2975359085221
9.259999999999847,1757.4767942315814,-3004.284677874514,-1246.8078836429324
9.269999999999847,1759.778640105938,-3010.101476760719,-1250.322836654781
9.279999999999847,1762.0796910057268,-3015.922084364304,-1253.842393358577
9.289999999999846,1764.3799447102713,-3021.7464968746444,-1257.3665521643732
9.299999999999846,1766.6793990071492,-3027.5747104849274,-1260.8953114777783
9.309999999999846,1768.9780516921724,-3033.40672139215,-1264.4286696999775
9.319999999999846,1771.2759005693651,-3039.242525797114,-1267.9666252277489
9.329999999999846,1773.572943450946,-3045.082119904422,-1271.5091764534761
9.339999999999845,1775.8691781573048,-3050.9254999224736,-1275.0563217651688
9.349999999999845,1778.1646025169853,-3056.7726620634626,-1278.6080595464773
9.359999999999845,1780.4592143666634,-3062.6236025433723,-1282.1643881767088
9.369999999999845,1782.7530115511274,-3068.478317581971,-1285.7253060308437
9.379999999999844,1785.045991923259,-3074.3368034028113,-1289.2908114795523
9.389999999999844,1787.3381533440113,-3080.199056233221,-1292.86090288921
9.399999999999844,1789.629493682391,-3086.0650723043054,-1296.4355786219144
9.409999999999844,1791.9200108154369,-3091.934847850939,-1300.0148370355023
9.419999999999844,1794.209702628201,-3097.8083791117638,-1303.5986764835627
9.429999999999843,1796.4985670137282,-3103.6856623291847,-1307.1870953154564
9.439999999999843,1798.786601873038,-3109.566693749367,-1310.780091876329
9.449999999999843,1801.073805115102,-3115.4514696222304,-1314.3776645071284
9.459999999999843,1803.3601746568263,-3121.339986201447,-1317.9798115446208
9.469999999999843,1805.6457084230317,-3127.232239744438,-1321.5865313214065
9.479999999999842,1807.930404346434,-3133.1282265123673,-1325.1978221659333
9.489999999999842,1810.2142603676236,-3139.027942770141,-1328.8136824025175
9.499999999999842,1812.4972744350466,-3144.9313847864023,-1332.4341103513557
9.509999999999842,1814.7794445049865,-3150.8385488335266,-1336.0591043285401
9.519999999999841,1817.060768541543,-3156.74943118762,-1339.6886626460769
9.529999999999841,1819.3412445166132,-3162.6640281285117,-1343.3227836118986
9.539999999999841,1821.6208704098729,-3168.5823359397564,-1346.9614655298835
9.54999999999984,1823.8996442087564,-3174.5043509086245,-1350.604706699868
9.55999999999984,1826.1775639084387,-3180.4300693261025,-1354.2525054176638
9.56999999999984,1828.4546275118137,-3186.3594874868877,-1357.904859975074
9.57999999999984,1830.7308330294777,-3192.2926016893834,-1361.5617686599057
9.58999999999984,1833.0061784797097,-3198.2294082356975,-1365.2232297559879
9.59999999999984,1835.2806618884508,-3204.1699034316375,-1368.8892415431867
9.60999999999984,1837.5542812892868,-3210.1140835867063,-1372.5598022974195
9.61999999999984,1839.8270347234286,-3216.0619450141,-1376.2349102906712
9.62999999999984,1842.0989202396936,-3222.013484030702,-1379.9145637910083
9.639999999999839,1844.369935894486,-3227.968696957082,-1383.5987610625962
9.649999999999839,1846.6400797517788,-3233.927580117491,-1387.287500365712
9.659999999999838,1848.909349883095,-3239.890129839856,-1390.980779956761
9.669999999999838,1851.177744367488,-3245.8563424557797,-1394.6785980882917
9.679999999999838,1853.445261291523,-3251.8262143005345,-1398.3809530090116
9.689999999999838,1855.7118987492593,-3257.799741713059,-1402.0878429637999
9.699999999999838,1857.9776548422305,-3263.7769210359547,-1405.7992661937242
9.709999999999837,1860.242527679427,-3269.757748615483,-1409.5152209360558
9.719999999999837,1862.5065153772762,-3275.742220801559,-1413.235705424283
9.729999999999837,1864.7696160596245,-3281.7303339477535,-1416.960717888129
9.739999999999837,1867.0318278577192,-3287.7220844112812,-1420.690256553562
9.749999999999837,1869.29314891019,-3293.717468553004,-1424.424319642814
9.759999999999836,1871.5535773630295,-3299.7164827374245,-1428.162905374395
9.769999999999836,1873.8131113695763,-3305.719123332682,-1431.9060119631058
9.779999999999836,1876.0717490904958,-3311.7253867105496,-1435.6536376200538
9.789999999999836,1878.3294886937617,-3317.735269246431,-1439.4057805526693
9.799999999999836,1880.586328354639,-3323.7487673193555,-1443.1624389647166
9.809999999999835,1882.8422662556638,-3329.765877311975,-1446.9236110563113
9.819999999999835,1885.0973005866276,-3335.786595610562,-1450.6892950239344
9.829999999999835,1887.3514295445575,-3341.8109186050033,-1454.4594890604458
9.839999999999835,1889.6046513336971,-3347.8388426887977,-1458.2341913551006
9.849999999999834,1891.856964165492,-3353.870364259053,-1462.0134000935611
9.859999999999834,1894.108366258568,-3359.9054797164818,-1465.7971134579138
9.869999999999834,1896.3588558387155,-3365.944185465397,-1469.5853296266814
9.879999999999834,1898.6084311388706,-3371.9864779137088,-1473.3780467748381
9.889999999999834,1900.857090399097,-3378.0323534729214,-1477.1752630738245
9.899999999999833,1903.1048318665696,-3384.081808558131,-1480.9769766915613
9.909999999999833,1905.3516537955545,-3390.1348395880177,-1484.7831857924632
9.919999999999833,1907.5975544473931,-3396.1914429848466,-1488.5938885374535
9.929999999999833,1909.8425320904832,-3402.2516151744626,-1492.4090830839793
9.939999999999833,1912.0865850002626,-3408.3153525862854,-1496.2287675860227
9.949999999999832,1914.3297114591896,-3414.3826516533077,-1500.052940194118
9.959999999999832,1916.571909756727,-3420.4535088120906,-1503.8815990553635
9.969999999999832,1918.8131781893233,-3426.5279205027605,-1507.7147423134372
9.979999999999832,1921.0535150603964,-3432.6058831690057,-1511.5523681086092
9.989999999999831,1923.292918680315,-3438.687393258073,-1515.3944745777578
9.999999999999831,1925.531387366382,-3444.772447220762,-1519.24105985438
