time,particle_id,x,y,vx,vy
0.01,0,0.029984999999999998,9.9995095,2.997,-0.0981
0.02,0,0.05993999999999999,9.998038000000001,2.9940015,-0.19615095000000002
0.03,0,0.08986503,9.995586481000002,2.99100599925,-0.29410382452500006
0.04,0,0.119760119985,9.992155923509502,2.988013495500375,-0.39195869713773757
0.05,0,0.1496252999100075,9.987747307057246,2.9850239857529997,-0.4897156658769062
0.060000000000000005,0,0.17946059970005998,9.982361610191962,2.982037467012373,-0.5873748286953988
0.07,0,0.20926604925025494,9.975999810483337,2.97905393628599,-0.6849362834481126
0.08,0,0.23904167842577978,9.968662884522999,2.976073390584341,-0.7824001278920408
0.09,0,0.26878751706194176,9.960351807925495,2.973095826920906,-0.8797664596863708
0.09999999999999999,0,0.2985035949641979,9.95106755532927,2.9701212423121532,-0.9770353763925816
0.10999999999999999,0,0.32818994190818485,9.940811100397642,2.9671496337775367,-1.0742069754745422
0.11999999999999998,0,0.3578465876397487,9.92958341581978,2.964180998339492,-1.1712813542986087
0.12999999999999998,0,0.3874735618749747,9.91738547331167,2.9612153330234334,-1.268258610133722
0.13999999999999999,0,0.4170708943002173,9.904218243617104,2.958252634857752,-1.3651388401515059
0.15,0,0.4466386145721297,9.890082696508639,2.9552929008738116,-1.4619221414263632
0.16,0,0.4761767523176936,9.874979800788575,2.9523361281059457,-1.5586086109355743
0.17,0,0.5056853371342487,9.858910524289927,2.949382313591456,-1.6551983455593935
0.18000000000000002,0,0.5351643985895227,9.841875833877387,2.9464314543706074,-1.751691442081146
0.19000000000000003,0,0.5646139662216608,9.823876695448304,2.9434835474866263,-1.8480879971873259
0.20000000000000004,0,0.5940340695392552,9.80491407393364,2.9405385899856977,-1.9443881074676916
0.21000000000000005,0,0.6234247380213748,9.78498893329895,2.9375965789169616,-2.040591869415364
0.22000000000000006,0,0.6527860011175944,9.764102236545334,2.93465751133251,-2.136699379426923
0.23000000000000007,0,0.6821178882480249,9.742254945710412,2.9317213842873855,-2.232710733802502
0.24000000000000007,0,0.7114204288033421,9.719448021869283,2.9287881948395755,-2.3286260287458873
0.25000000000000006,0,0.7406936521448164,9.695682425135493,2.925857940050012,-2.4244453603646132
0.26000000000000006,0,0.7699375876043424,9.67095911466199,2.9229306169825673,-2.520168824670058
0.2700000000000001,0,0.7991522644844679,9.64527904864209,2.920006222704051,-2.615796517577541
0.2800000000000001,0,0.8283377120584234,9.618643184310438,2.9170847542842075,-2.711328534906417
0.2900000000000001,0,0.857493959570152,9.591052477943961,2.9141662087957134,-2.806764972380175
0.3000000000000001,0,0.8866210362343376,9.562507884862834,2.9112505833141733,-2.9021059256265316
0.3100000000000001,0,0.9157189712364354,9.53301035943143,2.9083378749181183,-2.9973514901775284
0.3200000000000001,0,0.9447877937327,9.502560855059283,2.9054280806890023,-3.0925017614696264
0.3300000000000001,0,0.9738275328502155,9.471160324202037,2.9025211977111987,-3.187556834843803
0.34000000000000014,0,1.002838217686924,9.438809718362407,2.8996172230719988,-3.282516805545646
0.35000000000000014,0,1.0318198773116554,9.405509988091124,2.896716153861607,-3.377381768725451
0.36000000000000015,0,1.060772540764156,9.371262082987897,2.8938179871731404,-3.4721518194383156
0.37000000000000016,0,1.089696237055118,9.336066951702358,2.890922720102623,-3.566827052644234
0.38000000000000017,0,1.1185909951662083,9.299925541935014,2.888030349748985,-3.6614075632081926
0.3900000000000002,0,1.1474568440500976,9.262838800438196,2.885140873214059,-3.7558934459002664
0.4000000000000002,0,1.1762938126304894,9.22480767301701,2.8822542876025774,-3.8502847953957122
0.4100000000000002,0,1.205101929802149,9.185833104530282,2.879370590022169,-3.944581706275064
0.4200000000000002,0,1.2338812244309327,9.145916038891508,2.8764897775833567,-4.038784273024229
0.4300000000000002,0,1.2626317253538162,9.105057419069798,2.873611847399554,-4.132892590034579
0.4400000000000002,0,1.291353461378924,9.063258187090817,2.8707367965870625,-4.22690675160305
0.45000000000000023,0,1.3200464612855576,9.020519284037736,2.867864622265069,-4.320826851932231
0.46000000000000024,0,1.3487107538242253,8.976841650052172,2.864995321555643,-4.414652985130463
0.47000000000000025,0,1.3773463677166704,8.932226224335128,2.8621288915837324,-4.508385245211931
0.48000000000000026,0,1.4059533316558999,8.886673945147935,2.8592653294771626,-4.6020237260967605
0.49000000000000027,0,1.4345316743062135,8.840185749813195,2.8564046323666323,-4.695568521611106
0.5000000000000002,0,1.4630814243032324,8.792762574715713,2.8535467973857105,-4.789019725487252
0.5100000000000002,0,1.4916026102539277,8.744405355303448,2.8506918216708343,-4.882377431363703
0.5200000000000002,0,1.5200952607366491,8.695115026088438,2.847839702361306,-4.975641732785277
0.5300000000000002,0,1.548559404301154,8.644892520647742,2.8449904365992897,-5.0688127232032025
0.5400000000000003,0,1.576995069468635,8.593738771624373,2.8421440215298093,-5.161890495975208
0.5500000000000003,0,1.60540228473175,8.541654710728237,2.8393004543007447,-5.254875144365619
0.5600000000000003,0,1.6337810785546498,8.48864126873706,2.8364597320628295,-5.347766761545449
0.5700000000000003,0,1.6621314793730066,8.434699375497328,2.8336218519696477,-5.4405654405924935
0.5800000000000003,0,1.6904535155940428,8.37982995992521,2.8307868111776315,-5.533271274491424
0.5900000000000003,0,1.7187472155965593,8.3240339500075,2.827954606846058,-5.6258843561338825
0.6000000000000003,0,1.747012607730964,8.267312272802533,2.8251252361370462,-5.71840477831857
0.6100000000000003,0,1.7752497203193003,8.209665854441129,2.8222986962155545,-5.810832633751344
0.6200000000000003,0,1.803458581655275,8.151095620127506,2.819474984249378,-5.903168015045309
0.6300000000000003,0,1.8316392200042877,8.091602494140222,2.8166540974091454,-5.9954110147209105
0.6400000000000003,0,1.859791663603458,8.031187399833087,2.8138360328683163,-6.087561725206028
0.6500000000000004,0,1.887915940661654,7.9698512596360995,2.8110207878031774,-6.179620238836065
0.6600000000000004,0,1.9160120793595212,7.907594995056365,2.8082083593928417,-6.271586647854043
0.6700000000000004,0,1.9440801078495107,7.844419526679019,2.805398744819244,-6.363461044410698
0.6800000000000004,0,1.972120054255906,7.780325774168151,2.802591941267138,-6.455243520564566
0.6900000000000004,0,2.0001319466748537,7.7153146562677275,2.799787945924095,-6.546934168282078
0.7000000000000004,0,2.0281158131743884,7.6493870908025094,2.796986755980499,-6.638533079437655
0.7100000000000004,0,2.0560716817944638,7.582543994678975,2.7941883686295466,-6.730040345813795
0.7200000000000004,0,2.0839995805469793,7.514786283886234,2.7913927810672416,-6.82145605910117
0.7300000000000004,0,2.111899537415809,7.446114873496951,2.788599990492393,-6.912780310898712
0.7400000000000004,0,2.1397715803568276,7.376530677668259,2.785809994106613,-7.004013192713712
0.7500000000000004,0,2.1676157372979414,7.306034609642676,2.7830227891143133,-7.095154795961906
0.7600000000000005,0,2.195432036139114,7.234627581749021,2.7802383727227027,-7.186205211967568
0.7700000000000005,0,2.223220504752396,7.162310505403325,2.7774567421417844,-7.277164531963604
0.7800000000000005,0,2.2509811709819503,7.0890842911097485,2.774677894584352,-7.368032847091638
0.7900000000000005,0,2.278714062644083,7.014949848461492,2.7719018272659888,-7.45881024840211
0.8000000000000005,0,2.3064192075272705,6.939908086141706,2.769128537405064,-7.549496826854363
0.8100000000000005,0,2.3340966333921846,6.863959911924405,2.7663580222227284,-7.640092673316735
0.8200000000000005,0,2.3617463679717248,6.787106232675372,2.7635902789429143,-7.730597878566649
0.8300000000000005,0,2.389368438971043,6.709347954353071,2.7608253047923315,-7.821012533290707
0.8400000000000005,0,2.4169628740675715,6.630685982009557,2.758063097000464,-7.911336728084779
0.8500000000000005,0,2.444529700911052,6.5511212197913755,2.755303652799568,-8.00157055345409
0.8600000000000005,0,2.472068947123563,6.470654570940475,2.752546969424668,-8.091714099813322
0.8700000000000006,0,2.4995806402995457,6.3892869377951085,2.749793044113556,-8.181767457486687
0.8800000000000006,0,2.527064808005834,6.307019221790741,2.747041874106787,-8.271730716708037
0.8900000000000006,0,2.554521477781681,6.223852323460949,2.7442934566476764,-8.361603967620939
0.9000000000000006,0,2.5819506771387877,6.1397871424383235,2.7415477889822992,-8.451387300278775
0.9100000000000006,0,2.609352433561327,6.054824577455374,2.7388048683594843,-8.541080804644825
0.9200000000000006,0,2.636726774505977,5.9689655263454275,2.7360646920308134,-8.630684570592363
0.9300000000000006,0,2.6640737274019437,5.882210886043527,2.733327257250618,-8.720198687904745
0.9400000000000006,0,2.69139331965099,5.794561552587333,2.7305925612759774,-8.809623246275496
0.9500000000000006,0,2.7186855786274635,5.706018421118017,2.727860601366714,-8.898958335308405
0.9600000000000006,0,2.745950531678324,5.6165823858811645,2.7251313747853927,-8.988204044517614
0.9700000000000006,0,2.773188206123171,5.5262543402276645,2.7224048787973167,-9.0773604633277
0.9800000000000006,0,2.8003986292542704,5.43503517661461,2.719681110670525,-9.166427681073777
0.9900000000000007,0,2.827581828336582,5.342925786606189,2.7169600676757915,-9.255405787001576
1.0000000000000007,0,2.8547378306077866,5.249927060874579,2.7142417470866183,-9.34429487026754
1.0100000000000007,0,2.8818666632783145,5.156039889200839,2.7115261461792373,-9.433095019938905
1.0200000000000007,0,2.9089683535313715,5.061265160475801,2.708813262232604,-9.521806324993802
1.0300000000000007,0,2.9360429285229666,4.9656037627009635,2.7061030925283984,-9.610428874321336
1.0400000000000007,0,2.9630904153819393,4.869056582989375,2.703395634351018,-9.698962756721679
1.0500000000000007,0,2.9901108412099866,4.771624507566529,2.700690884987578,-9.787408060906158
1.0600000000000007,0,3.0171042330816906,4.673308421771251,2.6979888417279088,-9.875764875497344
1.0700000000000007,0,3.044070618044545,4.574109210056583,2.695289501864551,-9.964033289029143
1.0800000000000007,0,3.0710100231189816,4.474027755990669,2.692592862692755,-10.052213389946878
1.0900000000000007,0,3.0979224752984,4.373064942257645,2.6898989215104763,-10.14030526660739
1.1000000000000008,0,3.124808001549191,4.2712216506585206,2.6872076756183745,-10.228309007279114
1.1100000000000008,0,3.151666628810767,4.168498762112063,2.68451912231981,-10.31622470014217
1.1200000000000008,0,3.178498383995587,4.064897156655678,2.681833258920841,-10.40405243328846
1.1300000000000008,0,3.2053032939891843,3.960417713446294,2.6791500827302204,-10.491792294721744
1.1400000000000008,0,3.2320813856501918,3.8550613107612435,2.6764695910593947,-10.57944437235774
1.1500000000000008,0,3.258832685810372,3.74882882599914,2.6737917812225,-10.6670087540242
1.1600000000000008,0,3.285557221274642,3.6417211356807595,2.671116650536359,-10.754485527461009
1.1700000000000008,0,3.3122550188210993,3.5337391154499196,2.6684441963204795,-10.841874780320266
1.1800000000000008,0,3.3389261052010513,3.424883640074354,2.665774415897051,-10.929176600166375
1.1900000000000008,0,3.36557050713904,3.315155583446592,2.663107306590942,-11.016391074476132
1.2000000000000008,0,3.39218825133287,3.204555818584831,2.660442865729698,-11.103518290638812
1.2100000000000009,0,3.418779364453634,3.0930852176338153,2.6577810906435375,-11.190558335956254
1.2200000000000009,0,3.445343873145741,2.980744651865706,2.655121978665351,-11.277511297642956
1.2300000000000009,0,3.471881804026941,2.867534991680956,2.6524655271306963,-11.364377262826157
1.2400000000000009,0,3.4983931836883544,2.753457106609183,2.649811733377798,-11.451156318545921
1.2500000000000009,0,3.5248780386944967,2.6385118653100377,2.647160594747544,-11.537848551755236
1.260000000000001,0,3.551336395583305,2.5227001355740777,2.6445121085834815,-11.624454049320086
1.270000000000001,0,3.577768280866166,2.4060227843236355,2.641866272231816,-11.710972898019548
1.280000000000001,0,3.604173721027941,2.288480677613687,2.6392230830414083,-11.797405184545878
1.290000000000001,0,3.630552742526994,2.1700746806327182,2.6365825383637715,-11.883750995504595
1.300000000000001,0,3.6569053717952165,2.050805657703595,2.633944635553069,-11.97001041741457
1.310000000000001,0,3.6832316352380556,1.930674472284427,2.6313093719661107,-12.056183536708112
1.320000000000001,0,3.709531559234539,1.8096819869694327,2.628676744962351,-12.14227043973105
1.330000000000001,0,3.7358051701373025,1.6878290634898059,2.626046751903887,-12.22827121274283
1.340000000000001,0,3.7620524942726163,1.5651165627145762,2.623419390155454,-12.314185941916595
1.350000000000001,0,3.7882735579404114,1.4415453446514739,2.6207946570844243,-12.400014713339266
1.360000000000001,0,3.814468387414305,1.3171162684477908,2.6181725500608044,-12.485757613011637
1.370000000000001,0,3.8406370089416275,1.1918301923912413,2.615553066457232,-12.571414726848461
1.380000000000001,0,3.8667794487434497,1.0656879739108218,2.6129362036489727,-12.656986140678532
1.390000000000001,0,3.892895733014607,0.9386904695776707,2.6103219590139197,-12.742471940244767
1.400000000000001,0,3.918985887923728,0.8108385351059263,2.6077103299325883,-12.827872211204307
1.410000000000001,0,3.945049939613259,0.6821330253535844,2.605101313788115,-12.913187039128582
1.420000000000001,0,3.9710879141994906,0.5525747943233547,2.6024949079662547,-12.998416509503416
1.430000000000001,0,3.997099837772584,0.4221646951635161,2.5998911098553776,-13.0835607077291
1.440000000000001,0,4.023085736396598,0.29090358016877266,2.5972899168464667,-13.168619719120484
1.450000000000001,0,4.049045636109513,0.15879230078110645,2.5946913263331157,-13.253593628907058
1.460000000000001,0,4.07497956292326,0.025831707590631463,2.5920953357115257,-13.338482522233045
1.470000000000001,0,4.1008875428237435,-0.10797734966355443,2.5895019423805032,-13.423286484157476
1.480000000000001,0,4.12676960177087,-0.24263402209251803,2.586911143741457,-13.50800559965428
1.490000000000001,0,4.1526257656985734,-0.37813746165664003,2.584322937198396,-13.592639953612375
1.500000000000001,0,4.178456060514838,-0.5144868211647655,2.581737320157926,-13.677189630835741
1.5100000000000011,0,4.204260512101731,-0.6516812542733549,2.5791542900292477,-13.761654716043518
1.5200000000000011,0,4.230039146315423,-0.7897199154856358,2.576573844224154,-13.846035293870079
1.5300000000000011,0,4.255791988986215,-0.9286019601507564,2.573995980157027,-13.930331448865122
1.5400000000000011,0,4.281519065918564,-1.0683265444629382,2.5714206952448366,-14.014543265493755
1.5500000000000012,0,4.3072204028911125,-1.2088928254606315,2.568847986907136,-14.098670828136575
1.5600000000000012,0,4.332896025656708,-1.3502999610256698,2.56627785256606,-14.182714221089759
1.5700000000000012,0,4.358545959942433,-1.4925471098824268,2.5637102896463233,-14.266673528565146
1.5800000000000012,0,4.384170231449634,-1.6356334315969727,2.561145295575217,-14.350548834690319
1.5900000000000012,0,4.4097688658539385,-1.779558086576233,2.558582867782606,-14.434340223508691
1.6000000000000012,0,4.435341888805287,-1.9243202360671465,2.5560230037009273,-14.518047778979591
1.6100000000000012,0,4.460889325927958,-2.069919042155825,2.5534657007651855,-14.601671584978346
1.6200000000000012,0,4.486411202820592,-2.2163536677667137,2.5509109564129524,-14.685211725296368
1.6300000000000012,0,4.511907545056218,-2.3636232766617526,2.548358768084363,-14.76866828364123
1.6400000000000012,0,4.53737837818228,-2.5117270334395387,2.5458091332221144,-14.852041343636762
1.6500000000000012,0,4.5628237277206605,-2.6606641035344882,2.543262049271461,-14.935330988823123
1.6600000000000013,0,4.5882436191677085,-2.810433653216001,2.5407175136802143,-15.018537302656894
1.6700000000000013,0,4.613638077994264,-2.9610348495876258,2.5381755238987385,-15.101660368511153
1.6800000000000013,0,4.639007129645683,-3.112466860586224,2.535636077379949,-15.184700269675568
1.6900000000000013,0,4.664350799541863,-3.2647288549811373,2.5330991715793094,-15.267657089356476
1.7000000000000013,0,4.689669113077269,-3.417820002373354,2.53056480395483,-15.35053091067696
1.7100000000000013,0,4.714962095620959,-3.5717394731946763,2.528032971967063,-15.433321816676944
1.7200000000000013,0,4.74022977251661,-3.726486438706892,2.525503673079102,-15.516029890313266
1.7300000000000013,0,4.765472169082542,-3.882060071000941,2.522976904756579,-15.598655214459772
1.7400000000000013,0,4.790689310611742,-4.038459542996088,2.520452664467661,-15.681197871907385
1.7500000000000013,0,4.815881222371895,-4.195684028439089,2.517930949683049,-15.763657945364201
1.7600000000000013,0,4.841047929605403,-4.353732701903372,2.5154117578759734,-15.846035517455565
1.7700000000000014,0,4.866189457529415,-4.5126047387882,2.5128950865221937,-15.928330670724156
1.7800000000000014,0,4.891305831335847,-4.672299315317854,2.5103809330999947,-16.010543487630066
1.7900000000000014,0,4.916397076191415,-4.832815608540802,2.5078692950901837,-16.09267405055089
1.8000000000000014,0,4.941463217237651,-4.994152796328873,2.505360169976089,-16.1747224417818
1.8100000000000014,0,4.966504279590936,-5.156310057376437,2.5028535552435556,-16.256688743535634
1.8200000000000014,0,4.991520288342521,-5.3192865711995845,2.5003494483809456,-16.338573037942975
1.8300000000000014,0,5.0165112685585544,-5.483081518135297,2.497847846879133,-16.420375407052237
1.8400000000000014,0,5.041477245280104,-5.64769407934063,2.4953487482315033,-16.50209593282974
1.8500000000000014,0,5.066418243523184,-5.813123436791892,2.492852149933948,-16.583734697159798
1.8600000000000014,0,5.091334288278783,-5.979368773283825,2.490358049484865,-16.665291781844804
1.8700000000000014,0,5.116225404512882,-6.1464292724287874,2.4878664443851557,-16.7467672686053
1.8800000000000014,0,5.141091617166485,-6.314304118655931,2.4853773321382207,-16.828161239080075
1.8900000000000015,0,5.1659329511556455,-6.482992497210389,2.482890710249959,-16.909473774826232
1.9000000000000015,0,5.190749431371484,-6.652493594152455,2.480406576228765,-16.990704957319277
1.9100000000000015,0,5.21554108268022,-6.822806596356774,2.4779249275855255,-17.071854867953203
1.9200000000000015,0,5.240307929923194,-6.993930691511519,2.4754457618336185,-17.152923588040565
1.9300000000000015,0,5.265049997916892,-7.165865068117585,2.472969076488909,-17.233911198812567
1.9400000000000015,0,5.289767311452972,-7.33860891548777,2.4704948690697477,-17.31481778141914
1.9500000000000015,0,5.314459895298287,-7.512161423745967,2.4680231370969685,-17.395643416929026
1.9600000000000015,0,5.339127774194911,-7.68652178382635,2.465553878093885,-17.476388186329853
1.9700000000000015,0,5.363770972860165,-7.861689187472564,2.4630870895862897,-17.557052170528223
1.9800000000000015,0,5.3883895159866375,-8.037662827236915,2.4606227691024496,-17.637635450349794
1.9900000000000015,0,5.412983428242214,-8.21444189647956,2.458160914173105,-17.718138106539357
2.0000000000000013,0,5.437552734270099,-8.392025589367702,2.4557015223314673,-17.798560219760912
2.010000000000001,0,5.462097458688843,-8.570413100874777,2.453244591113215,-17.878901870597762
2.020000000000001,0,5.486617626092364,-8.749603626779656,2.4507901180564926,-17.959163139552583
2.0300000000000007,0,5.511113261049973,-8.92959636366583,2.448338100701908,-18.03934410704751
2.0400000000000005,0,5.535584388106401,-9.110390508920608,2.4458885365925287,-18.11944485342421
2.0500000000000003,0,5.560031031781824,-9.291985260734315,2.4434414232738817,-18.199465458943973
2.06,0,5.58445321657188,-9.474379818099488,2.4409967582939487,-18.279406003787788
2.07,0,5.608850966947704,-9.65757338081007,2.4385545392031647,-18.359266568056423
2.0799999999999996,0,5.633224307355944,-9.841565149460616,2.436114763554416,-18.439047231770502
2.0899999999999994,0,5.657573262218792,-10.02635432544548,2.4336774289030374,-18.51874807487059
2.099999999999999,0,5.681897855934004,-10.211940110958027,2.4312425328068086,-18.59836917721727
2.109999999999999,0,5.706198112874928,-10.398321708989824,2.4288100728259536,-18.677910618591223
2.1199999999999988,0,5.7304740573905235,-10.585498323329851,2.4263800465231373,-18.75737247869332
2.1299999999999986,0,5.75472571380539,-10.77346915856369,2.423952451463463,-18.836754837144678
2.1399999999999983,0,5.7789531064197925,-10.962233420072744,2.4215272852144696,-18.91605777348676
2.149999999999998,0,5.80315625950968,-11.151790314033425,2.4191045453461304,-18.995281367181445
2.159999999999998,0,5.827335197326716,-11.342139047416373,2.41668422943085,-19.07442569761111
2.1699999999999977,0,5.851489944098297,-11.533278827985649,2.4142663350434614,-19.153490844078714
2.1799999999999975,0,5.8756205240275845,-11.725208864297947,2.4118508597612243,-19.23247688580787
2.1899999999999973,0,5.8997269612935215,-11.917928365701806,2.409437801163822,-19.311383901942925
2.199999999999997,0,5.92380928005086,-12.111436542336806,2.4070271568333594,-19.39021197154905
2.209999999999997,0,5.947867504430188,-12.305732605132787,2.4046189243543608,-19.468961173612303
2.2199999999999966,0,5.971901658537948,-12.500815765809053,2.402213101313767,-19.547631587039724
2.2299999999999964,0,5.995911766456463,-12.696685236873583,2.3998096853009327,-19.6262232906594
2.239999999999996,0,6.0198978522439655,-12.893340231622242,2.3974086739076252,-19.70473636322055
2.249999999999996,0,6.043859939934615,-13.090779964137994,2.395010064728021,-19.783170883393613
2.259999999999996,0,6.067798053538525,-13.289003649290114,2.392613855358703,-19.861526929770307
2.2699999999999956,0,6.091712217041788,-13.488010502733399,2.3902200433986596,-19.939804580863726
2.2799999999999954,0,6.115602454406498,-13.687799740907387,2.3878286264492807,-20.01800391510841
2.289999999999995,0,6.139468789570774,-13.888370581035566,2.385439602114357,-20.096125010860423
2.299999999999995,0,6.163311246448786,-14.089722241124594,2.383052968000075,-20.17416794639744
2.3099999999999947,0,6.187129848930776,-14.291853939963515,2.3806687217150175,-20.25213279991881
2.3199999999999945,0,6.210924620883087,-14.49476489712297,2.37828686087016,-20.330019649545655
2.3299999999999943,0,6.234695586148179,-14.698454332954427,2.3759073830788675,-20.407828573320923
2.339999999999994,0,6.258442768544664,-14.902921468589387,2.373530285956893,-20.485559649209492
2.349999999999994,0,6.282166191867318,-15.108165525938615,2.371155567122375,-20.563212955098226
2.3599999999999937,0,6.305865879887112,-15.314185727691351,2.3687832241958358,-20.640788568796072
2.3699999999999934,0,6.329541856351235,-15.520981297314536,2.3664132548001766,-20.718286568034124
2.3799999999999932,0,6.353194144983116,-15.728551459052033,2.3640456565606787,-20.79570703046571
2.389999999999993,0,6.376822769482449,-15.93689543792385,2.3616804271049983,-20.87305003366646
2.399999999999993,0,6.400427753525217,-16.146012459725362,2.3593175640631654,-20.950315655134393
2.4099999999999926,0,6.4240091207637136,-16.355901751026536,2.3569570650675815,-21.027503972289992
2.4199999999999924,0,6.447566894826569,-16.566562539171162,2.354598927753016,-21.10461506247628
2.429999999999992,0,6.4711010993187745,-16.777994052276064,2.3522431497566054,-21.1816490029589
2.439999999999992,0,6.494611757821702,-16.99019551923034,2.3498897287178506,-21.258605870926182
2.4499999999999917,0,6.518098893893132,-17.20316616969459,2.3475386622786134,-21.33548574348924
2.4599999999999915,0,6.5415625310672745,-17.416905234100128,2.345189948083115,-21.412288697682033
2.4699999999999913,0,6.565002692854794,-17.63141194364823,2.3428435837779342,-21.48901481046145
2.479999999999991,0,6.588419402742833,-17.846685530309358,2.340499567012004,-21.565664158707378
2.489999999999991,0,6.6118126841950335,-18.06272522682238,2.338157895436609,-21.642236819222795
2.4999999999999907,0,6.635182560651565,-18.27953026669381,2.335818566705385,-21.71873286873383
2.5099999999999905,0,6.658529055529142,-18.497099884197052,2.333481578474314,-21.795152383889853
2.5199999999999902,0,6.681852192221052,-18.71543331437161,2.3311469284017243,-21.87149544126354
2.52999999999999,0,6.705151994097177,-18.934529793022325,2.3288146141482864,-21.947762117350965
2.53999999999999,0,6.728428484504017,-19.15438855671863,2.3264846333770115,-22.02395248857166
2.5499999999999896,0,6.751681686764717,-19.375008842793758,2.324156983753249,-22.1000666312687
2.5599999999999894,0,6.774911624179082,-19.596389889344003,2.321831662944684,-22.17610462170878
2.569999999999989,0,6.798118320023611,-19.818530935227937,2.319508668621335,-22.252066536082292
2.579999999999989,0,6.821301797551509,-20.04143122006565,2.317187998455552,-22.327952450503396
2.5899999999999888,0,6.844462079992722,-20.265089984238006,2.314869650122014,-22.4037624410101
2.5999999999999885,0,6.86759919055395,-20.489506468885857,2.312553621297725,-22.479496583564345
2.6099999999999883,0,6.890713152418677,-20.714679915909294,2.310239909662015,-22.555154954052057
2.619999999999988,0,6.9138039887471905,-20.940609567966895,2.3079285128965354,-22.63073762828325
2.629999999999988,0,6.9368717226766075,-21.16729466847496,2.3056194286852563,-22.706244681992082
2.6399999999999877,0,6.959916377320896,-21.39473446160674,2.3033126547144653,-22.781676190836944
2.6499999999999875,0,6.982937975770898,-21.622928192291695,2.3010081886727654,-22.857032230400527
2.6599999999999873,0,7.005936541094352,-21.851875106214745,2.298706028251072,-22.932312876189908
2.669999999999987,0,7.02891209633592,-22.08157444981549,2.29640617114261,-23.00751820363661
2.679999999999987,0,7.051864664517205,-22.312025470287477,2.294108615042913,-23.0826482880967
2.6899999999999866,0,7.074794268636778,-22.543227415577427,2.2918133576498203,-23.157703204850833
2.6999999999999864,0,7.097700931670201,-22.775179534384495,2.289520396663474,-23.232683029104358
2.709999999999986,0,7.120584676570048,-23.007881076159514,2.2872297297863176,-23.30758783598738
2.719999999999986,0,7.1434455262659275,-23.241331291104242,2.2849413547230926,-23.382417700554836
2.7299999999999858,0,7.16628350366451,-23.47552943017061,2.2826552691808377,-23.457172697786564
2.7399999999999856,0,7.189098631649545,-23.710474745059972,2.280371470868886,-23.531852902587392
2.7499999999999853,0,7.211890933081888,-23.94616648822236,2.278089957498861,-23.606458389787207
2.759999999999985,0,7.234660430799522,-24.18260391285572,2.275810726784677,-23.68098923414102
2.769999999999985,0,7.257407147617581,-24.419786272905178,2.2735337764425356,-23.755445510329057
2.7799999999999847,0,7.280131106328373,-24.657712823062298,2.271259104190922,-23.82982729295682
2.7899999999999845,0,7.302832329701399,-24.896382818764316,2.268986707750605,-23.90413465655518
2.7999999999999843,0,7.325510840483385,-25.135795516193404,2.2667165848446342,-23.978367675580422
2.809999999999984,0,7.3481666613982926,-25.375950172275925,2.2644487331983365,-24.052526424414353
2.819999999999984,0,7.370799815147351,-25.61684604468169,2.262183150539315,-24.126610977364354
2.8299999999999836,0,7.3934103244090785,-25.858482391823213,2.2599198345974463,-24.200621408663466
2.8399999999999834,0,7.415998211839301,-26.100858472854963,2.257658783104878,-24.274557792470453
2.849999999999983,0,7.438563500071177,-26.343973547672626,2.255399993796027,-24.348420202869885
2.859999999999983,0,7.461106211715221,-26.587826876912363,2.2531434644075765,-24.422208713872216
2.869999999999983,0,7.483626369359328,-26.832417721950073,2.250889192678475,-24.495923399413844
2.8799999999999826,0,7.5061239955687915,-27.07774534490064,2.248637176349932,-24.5695643333572
2.8899999999999824,0,7.528599112886327,-27.323809008617218,2.246387413165418,-24.643131589490814
2.899999999999982,0,7.551051743832099,-27.57060797669046,2.24413990087066,-24.71662524152939
2.909999999999982,0,7.57348191090374,-27.818141513447806,2.241894637213642,-24.79004536311388
2.9199999999999817,0,7.595889636576372,-28.066408883952736,2.2396516199446,-24.863392027811557
2.9299999999999815,0,7.618274943302632,-28.315409354004036,2.237410846816021,-24.936665309116094
2.9399999999999813,0,7.640637853512692,-28.56514219013506,2.235172315582641,-25.00986528044763
2.949999999999981,0,7.662978389614285,-28.81560665961299,2.2329360240014413,-25.08299201515285
2.959999999999981,0,7.685296573992722,-29.066802030438115,2.2307019698316495,-25.15604558650505
2.9699999999999807,0,7.707592429010918,-29.31872757134309,2.228470150834733,-25.229026067704222
2.9799999999999804,0,7.729865977009417,-29.5713825517922,2.2262405647743995,-25.30193353187712
2.9899999999999802,0,7.752117240306407,-29.824766241980633,2.224013209416595,-25.37476805207733
2.99999999999998,0,7.774346241197749,-30.078877912833747,2.2217880825294993,-25.44752970128535
3.00999999999998,0,7.7965530019569975,-30.33371683600634,2.2195651818835263,-25.520218552408668
3.0199999999999796,0,7.81873754483542,-30.58928228388192,2.2173445052513197,-25.59283467828182
3.0299999999999794,0,7.840899892062024,-30.845573529571976,2.2151260504077523,-25.665378151666477
3.039999999999979,0,7.863040065843575,-31.102589846915247,2.212909815129923,-25.737849045251505
3.049999999999979,0,7.885158088364622,-31.360330510477002,2.210695797197154,-25.810247431653046
3.0599999999999787,0,7.907253981787518,-31.618794795548308,2.20848399439099,-25.882573383414595
3.0699999999999785,0,7.929327768252441,-31.877981978145296,2.206274404495196,-25.954826973007062
3.0799999999999783,0,7.951379469877421,-32.137891335008455,2.204067025295753,-26.02700827282885
3.089999999999978,0,7.973409108758356,-32.39852214360188,2.2018618545808573,-26.099117355205934
3.099999999999978,0,7.9954167069690385,-32.659873682112575,2.199658890140919,-26.171154292391915
3.1099999999999777,0,8.017402286561175,-32.92194522944972,2.1974581297685583,-26.243119156568117
3.1199999999999775,0,8.03936586956441,-33.18473606524394,2.1952595712586036,-26.315012019843635
3.1299999999999772,0,8.061307477986347,-33.4482454698466,2.19306321240809,-26.38683295425543
3.139999999999977,0,8.08322713381257,-33.712472724329054,2.1908690510162567,-26.45858203176838
3.149999999999977,0,8.105124859006672,-33.977417110481966,2.1886770848845445,-26.530259324275367
3.1599999999999766,0,8.127000675510262,-34.243077910814556,2.186487311816594,-26.601864903597345
3.1699999999999764,0,8.148854605243002,-34.50945440855391,2.1842997296182434,-26.673398841483408
3.179999999999976,0,8.170686670102626,-34.776545887644225,2.182114336097526,-26.744861209610868
3.189999999999976,0,8.192496891964954,-35.04435163274613,2.179931129064668,-26.816252079585322
3.1999999999999758,0,8.21428529268392,-35.312870929235935,2.177750106332087,-26.887571522940725
3.2099999999999755,0,8.236051894091595,-35.58210306320494,2.175571265714389,-26.95881961113946
3.2199999999999753,0,8.257796717998207,-35.85204732145872,2.1733946050283657,-27.02999641557242
3.229999999999975,0,8.279519786192163,-36.12270299151639,2.1712201220929943,-27.101102007559064
3.239999999999975,0,8.301221120440069,-36.3940693616099,2.1690478147294336,-27.1721364583475
3.2499999999999747,0,8.322900742486752,-36.66614572068334,2.1668776807610226,-27.243099839114546
3.2599999999999745,0,8.344558674055289,-36.93893135839219,2.1647097180132775,-27.313992220965815
3.2699999999999743,0,8.366194936847018,-37.21242556510265,2.16254392431389,-27.384813674935774
3.279999999999974,0,8.387809552541565,-37.486627631890904,2.1603802974927264,-27.455564271987825
3.289999999999974,0,8.409402542796872,-37.761536850542406,2.158218835381823,-27.52624408301436
3.2999999999999736,0,8.430973929249204,-38.037152513551185,2.156059535815386,-27.59685317883686
3.3099999999999734,0,8.45252373351318,-38.313473914119136,2.153902396629787,-27.667391630205934
3.319999999999973,0,8.4740519771818,-38.5905003461553,2.1517474156635648,-27.737859507801414
3.329999999999973,0,8.495558681826452,-38.86823110427516,2.149594590757418,-27.80825688223241
3.3399999999999728,0,8.517043868996948,-39.14666548379995,2.1474439197542075,-27.878583824037392
3.3499999999999726,0,8.538507560221536,-39.425802780755916,2.1452954004989517,-27.948840403684258
3.3599999999999723,0,8.559949777006926,-39.70564229187364,2.143149030838825,-28.019026691570396
3.369999999999972,0,8.58137054083831,-39.98618331458732,2.141004808623156,-28.089142758022767
3.379999999999972,0,8.602769873179389,-40.267425147034096,2.138862731703425,-28.15918867329797
3.3899999999999717,0,8.62414779547238,-40.54936708805329,2.136722797933262,-28.229164507582308
3.3999999999999715,0,8.645504329138054,-40.83200843718574,2.1345850051684434,-28.299070330991867
3.4099999999999713,0,8.666839495575749,-41.11534849467312,2.1324493512668927,-28.36890621357258
3.419999999999971,0,8.688153316163392,-41.39938656145719,2.130315834088675,-28.438672225300298
3.429999999999971,0,8.709445812257522,-41.68412193917913,2.128184451495997,-28.50836843608086
3.4399999999999706,0,8.730717005193311,-41.96955393017881,2.126055201353205,-28.57799491575017
3.4499999999999704,0,8.751966916284585,-42.25568183749413,2.1239280815267803,-28.647551734074256
3.45999999999997,0,8.773195566823846,-42.54250496486029,2.1218030898853404,-28.717038960749342
3.46999999999997,0,8.79440297808229,-42.830022616709115,2.119680224299634,-28.78645666540193
3.47999999999997,0,8.815589171309838,-43.11823409816834,2.117559482642542,-28.855804917588852
3.4899999999999696,0,8.836754167735142,-43.4071387150609,2.115440862789071,-28.925083786797355
3.4999999999999694,0,8.857897988565618,-43.69673577390429,2.113324362616355,-28.99429334244516
3.509999999999969,0,8.879020654987468,-43.9870245819098,2.1112099800036526,-29.06343365388054
3.519999999999969,0,8.900122188165692,-44.278004446981896,2.1090977128323427,-29.132504790382377
3.5299999999999687,0,8.921202609244116,-44.56967467771745,2.106987558985925,-29.201506821160248
3.5399999999999685,0,8.94226193934541,-44.862034583405105,2.1048795163500156,-29.270439815354475
3.5499999999999683,0,8.963300199571115,-45.15508347402454,2.1027735828123477,-29.33930384203622
3.559999999999968,0,8.984317411001658,-45.44882066024583,2.1006697562627665,-29.408098970207526
3.569999999999968,0,9.005313594696373,-45.74324545342869,2.098568034593229,-29.476825268801402
3.5799999999999677,0,9.026288771693524,-46.03835716562185,2.096468415697801,-29.545482806681896
3.5899999999999674,0,9.047242963010328,-46.334155109562325,2.0943708974726554,-29.614071652644153
3.5999999999999672,0,9.068176189642976,-46.630638598674736,2.09227547781607,-29.68259187541449
3.609999999999967,0,9.08908847256665,-46.927806947070614,2.0901821546284256,-29.75104354365046
3.619999999999967,0,9.109979832735544,-47.22565946954774,2.0880909258122036,-29.81942672594093
3.6299999999999666,0,9.130850291082892,-47.52419548158944,2.0860017892719833,-29.887741490806132
3.6399999999999664,0,9.151699868520982,-47.82341429936387,2.083914742914441,-29.955987906697757
3.649999999999966,0,9.17252858594118,-48.12331523972339,2.081829784648348,-30.024166041999006
3.659999999999966,0,9.19333646421395,-48.423897620203846,2.0797469123845667,-30.09227596502466
3.6699999999999657,0,9.214123524188873,-48.725160759023886,2.07766612403605,-30.160317744021146
3.6799999999999655,0,9.234889786694671,-49.02710397508427,2.07558741751784,-30.228291447166622
3.6899999999999653,0,9.255635272539228,-49.32972658796722,2.073510790747063,-30.296197142571028
3.699999999999965,0,9.27636000250961,-49.6330279179357,2.071436241642931,-30.36403489827616
3.709999999999965,0,9.297063997372087,-49.937007285932744,2.0693637681267356,-30.431804782255735
3.7199999999999647,0,9.317747277872146,-50.24166401358081,2.0672933681218506,-30.49950686241547
3.7299999999999645,0,9.338409864734524,-50.54699742318105,2.0652250395537264,-30.567141206593135
3.7399999999999642,0,9.359051778663222,-50.85300683771267,2.0631587803498888,-30.63470788255863
3.749999999999964,0,9.379673040341522,-51.159691580832224,2.061094588439937,-30.702206958014052
3.759999999999964,0,9.400273670432021,-51.467050976872954,2.059032461755542,-30.769638500593768
3.7699999999999636,0,9.420853689576635,-51.775084350844104,2.056972398230444,-30.837002577864464
3.7799999999999634,0,9.441413118396632,-52.08379102843024,2.054914395800451,-30.904299257325235
3.789999999999963,0,9.461951977492644,-52.393170335990604,2.0528584524034357,-30.97152860640764
3.799999999999963,0,9.4824702874447,-52.70322160055839,2.050804565979334,-31.038690692475775
3.8099999999999627,0,9.502968068812232,-53.013944149840114,2.0487527344701424,-31.105785582826332
3.8199999999999625,0,9.523445342134105,-53.32533731221492,2.0467029558199177,-31.17281334468868
3.8299999999999623,0,9.543902127928632,-53.63740041673389,2.0446552279747725,-31.239774045224923
3.839999999999962,0,9.5643384466936,-53.950132793119415,2.0426095488828753,-31.306667751529965
3.849999999999962,0,9.584754318906288,-54.26353377176449,2.0405659164944465,-31.373494530631586
3.8599999999999617,0,9.605149765023489,-54.57760268373205,2.038524328761758,-31.440254449490507
3.8699999999999615,0,9.625524805481524,-54.8923388607543,2.0364847836391298,-31.506947575000446
3.8799999999999613,0,9.645879460696271,-55.20774163523206,2.0344472790829293,-31.5735739739882
3.889999999999961,0,9.666213751063182,-55.52381034023407,2.0324118130515685,-31.640133713213707
3.899999999999961,0,9.686527696957302,-55.84054430949634,2.0303783835055014,-31.706626859370107
3.9099999999999606,0,9.706821318733294,-56.15794287742147,2.0283469884072227,-31.773053479083817
3.9199999999999604,0,9.727094636725448,-56.47600537907801,2.0263176257212665,-31.83941363891459
3.92999999999996,0,9.74734767124772,-56.79473115019976,2.0242902934142024,-31.90570740535559
3.93999999999996,0,9.767580442593733,-57.11411952718512,2.0222649894546345,-31.971934844833452
3.9499999999999598,0,9.787792971036811,-57.43416984709643,2.0202417118132,-32.038096023708356
3.9599999999999596,0,9.807985276829996,-57.75488144765929,2.018220458462566,-32.104191008274086
3.9699999999999593,0,9.828157380206061,-58.07625366726191,2.016201227377428,-32.170219864758096
3.979999999999959,0,9.848309301377544,-58.398285844954444,2.014184016534508,-32.23618265932158
3.989999999999959,0,9.868441060536753,-58.720977320448334,2.0121688239125524,-32.30207945805954
3.9999999999999587,0,9.888552677855797,-59.04432743411563,2.010155647492329,-32.36791032700085
4.009999999999959,0,9.908644173486602,-59.368335526988346,2.008144485256626,-32.43367533210832
4.019999999999959,0,9.92871556756093,-59.6930009407578,2.0061353351902516,-32.49937453927877
4.0299999999999585,0,9.948766880190407,-60.01832301777392,2.0041281952800283,-32.56500801434308
4.039999999999958,0,9.96879813146653,-60.34430110104466,2.002123063514793,-32.630575823066266
4.049999999999958,0,9.988809341460701,-60.67093453423524,2.0001199378853958,-32.696078031147565
4.059999999999958,0,10.008800530224237,-60.998222661667604,1.9981188163846957,-32.76151470422046
4.069999999999958,0,10.028771717788395,-61.32616482831965,1.9961196970075605,-32.82688590785278
4.079999999999957,0,10.04872292416439,-61.65476037982465,1.9941225777508644,-32.89219170754674
4.089999999999957,0,10.068654169343413,-61.98400866247058,1.9921274566134852,-32.95743216873905
4.099999999999957,0,10.08856547329666,-62.31390902319943,1.9901343315963032,-33.022607356800904
4.109999999999957,0,10.108456855975339,-62.64446080960659,1.9881432007021982,-33.087717337038136
4.119999999999957,0,10.128328337310704,-62.97566336994019,1.986154061936049,-33.15276217469122
4.129999999999956,0,10.14817993721406,-63.30751605310042,1.9841669133047297,-33.217741934935354
4.139999999999956,0,10.168011675576798,-63.64001820863891,1.9821817528171093,-33.28265668288054
4.149999999999956,0,10.187823572270403,-63.973169186758035,1.9801985784840483,-33.347506483571635
4.159999999999956,0,10.20761564714648,-64.30696833831034,1.9782173883183978,-33.41229140198841
4.1699999999999555,0,10.22738792003677,-64.64141501479781,1.9762381803349967,-33.47701150304563
4.179999999999955,0,10.247140410753179,-64.97650856837126,1.97426095255067,-33.541666851593114
4.189999999999955,0,10.266873139087783,-65.31224835182968,1.9722857029842271,-33.606257512415795
4.199999999999955,0,10.286586124812864,-65.64863371861958,1.9703124296564596,-33.67078355023379
4.209999999999955,0,10.306279387680913,-65.98566402283436,1.9683411305901393,-33.73524502970247
4.2199999999999545,0,10.325952947424666,-66.32333861921363,1.966371803810016,-33.7996420154125
4.229999999999954,0,10.345606823757112,-66.66165686314261,1.964404447342816,-33.86397457188995
4.239999999999954,0,10.365241036371522,-67.00061811065143,1.9624390592172396,-33.928242763596295
4.249999999999954,0,10.384855604941457,-67.34022171841454,1.9604756374639596,-33.99244665492855
4.259999999999954,0,10.404450549120801,-67.68046704375001,1.958514180115619,-34.05658631021929
4.269999999999953,0,10.42402588854377,-68.02135344461894,1.9565546852068292,-34.120661793736716
4.279999999999953,0,10.443581642824938,-68.36288027962476,1.954597150774168,-34.184673169684736
4.289999999999953,0,10.463117831559252,-68.70504690801263,1.9526415748561774,-34.248620502203025
4.299999999999953,0,10.48263447432206,-69.04785268966882,1.9506879554933623,-34.31250385536708
4.3099999999999525,0,10.50213159066912,-69.39129698511996,1.9487362907281875,-34.3763232931883
4.319999999999952,0,10.521609200136625,-69.73537915553257,1.9467865786050769,-34.44007887961402
4.329999999999952,0,10.541067322241224,-70.08009856271224,1.9448388171704103,-34.50377067852762
4.339999999999952,0,10.560505976480034,-70.42545456910311,1.9428930044725226,-34.56739875374855
4.349999999999952,0,10.579925182330673,-70.7714465377872,1.940949138561701,-34.63096316903241
4.3599999999999515,0,10.599324959251266,-71.11807383248374,1.939007217490184,-34.69446398807102
4.369999999999951,0,10.618705326680475,-71.4653358175486,1.937067239312158,-34.75790127449247
4.379999999999951,0,10.638066304037508,-71.81323185797359,1.9351292020837567,-34.82127509186119
4.389999999999951,0,10.65740791072215,-72.16176131938582,1.9331931038630588,-34.88458550367801
4.399999999999951,0,10.676730166114769,-72.51092356804715,1.9312589427100852,-34.94783257338024
4.40999999999995,0,10.69603308957635,-72.86071797085343,1.9293267166867987,-35.01101636434171
4.41999999999995,0,10.715316700448504,-73.21114389533399,1.9273964238571002,-35.074136939872844
4.42999999999995,0,10.734581018053493,-73.5622007096509,1.9254680622868283,-35.137194363220736
4.43999999999995,0,10.753826061694243,-73.9138877825984,1.9235416300437564,-35.20018869756919
4.4499999999999496,0,10.773051850654369,-74.26620448360227,1.921617125197591,-35.2631200060388
4.459999999999949,0,10.792258404198195,-74.61915018271917,1.9196945458199703,-35.325988351686995
4.469999999999949,0,10.811445741570768,-74.972724250636,1.9177738899844616,-35.38879379750813
4.479999999999949,0,10.830613881997884,-75.32692605866933,1.9158551557665595,-35.45153640643353
4.489999999999949,0,10.8497628446861,-75.68175497876469,1.913938341243684,-35.51421624133156
4.4999999999999485,0,10.868892648822758,-76.03721038349597,1.9120234444951787,-35.57683336500768
4.509999999999948,0,10.888003313576004,-76.39329164606484,1.9101104636023092,-35.63938784020451
4.519999999999948,0,10.907094858094805,-76.74999814030006,1.9081993966482604,-35.701879729601906
4.529999999999948,0,10.926167301508968,-77.10732924065688,1.906290241718135,-35.764309095817005
4.539999999999948,0,10.945220662929167,-77.46528432221639,1.9043829968989519,-35.826676001404294
4.549999999999947,0,10.964254961446947,-77.82386276068496,1.9024776602796434,-35.88898050885568
4.559999999999947,0,10.983270216134759,-78.18306393239351,1.9005742299510542,-35.95122268060055
4.569999999999947,0,11.002266446045969,-78.54288721429697,1.8986727040059388,-36.01340257900582
4.579999999999947,0,11.02124367021488,-78.90333198397363,1.8967730805389602,-36.07552026637602
4.589999999999947,0,11.04020190765675,-79.26439761962449,1.8948753576466877,-36.13757580495333
4.599999999999946,0,11.059141177367813,-79.6260835000727,1.892979533427595,-36.19956925691766
4.609999999999946,0,11.078061498325301,-79.98838900476285,1.8910856059820578,-36.261500684386725
4.619999999999946,0,11.096962889487454,-80.35131351376043,1.889193573412353,-36.32337014941607
4.629999999999946,0,11.115845369793547,-80.71485640775117,1.8873034338226558,-36.38517771399917
4.6399999999999455,0,11.134708958163905,-81.07901706804041,1.8854151853190382,-36.446923440067465
4.649999999999945,0,11.153553673499927,-81.44379487655252,1.8835288260094674,-36.50860738949043
4.659999999999945,0,11.172379534684094,-81.80918921583022,1.881644354003803,-36.57022962407565
4.669999999999945,0,11.191186560580002,-82.17519946903403,1.8797617674137963,-36.63179020556887
4.679999999999945,0,11.209974770032371,-82.54182501994158,1.8778810643530874,-36.693289195654046
4.689999999999944,0,11.228744181867064,-82.90906525294709,1.876002242937204,-36.754726655953434
4.699999999999944,0,11.247494814891114,-83.27691955306065,1.874125301283559,-36.81610264802763
4.709999999999944,0,11.266226687892736,-83.64538730590765,1.8722502375114487,-36.87741723337564
4.719999999999944,0,11.284939819641345,-84.01446789772817,1.870377049742051,-36.93867047343494
4.729999999999944,0,11.303634228887578,-84.38416071537635,1.8685057360984243,-36.99986242958153
4.739999999999943,0,11.322309934363314,-84.7544651463198,1.866636294705504,-37.06099316313003
4.749999999999943,0,11.340966954781688,-85.12538057863897,1.864768723690102,-37.12206273533367
4.759999999999943,0,11.359605308837116,-85.4969064010265,1.8629030211809043,-37.18307120738444
4.769999999999943,0,11.378225015205306,-85.86904200278666,1.861039185308469,-37.244018640413074
4.7799999999999425,0,11.396826092543284,-86.24178677383475,1.8591772142052243,-37.304905095489175
4.789999999999942,0,11.41540855948941,-86.61514010469644,1.8573171060054674,-37.365730633621226
4.799999999999942,0,11.433972434663394,-86.98910138650717,1.855458858845362,-37.42649531575667
4.809999999999942,0,11.452517736666318,-87.36367001101156,1.8536024708629366,-37.48719920278198
4.819999999999942,0,11.471044484080652,-87.7388453705628,1.8517479401980825,-37.54784235552271
4.8299999999999415,0,11.489552695470278,-88.11462685812201,1.849895264992552,-37.60842483474356
4.839999999999941,0,11.508042389380504,-88.49101386725766,1.8480444433899565,-37.66894670114843
4.849999999999941,0,11.52651358433808,-88.86800579214498,1.8461954735357653,-37.729408015380486
4.859999999999941,0,11.54496629885122,-89.24560202756528,1.8443483535773024,-37.78980883802222
4.869999999999941,0,11.563400551409625,-89.62380196890543,1.842503081663746,-37.850149229595516
4.87999999999994,0,11.581816360484494,-90.00260501215719,1.8406596559461255,-37.910429250561705
4.88999999999994,0,11.600213744528547,-90.38201055391666,1.8388180745773206,-37.97064896132163
4.89999999999994,0,11.618592721976041,-90.76201799138362,1.8369783357120588,-38.030808422215685
4.90999999999994,0,11.63695331124279,-91.14262672236096,1.835140437506914,-38.09090769352392
4.9199999999999395,0,11.65529553072618,-91.52383614525408,1.8333043781203044,-38.150946835466044
4.929999999999939,0,11.673619398805196,-91.90564565907027,1.8314701557124908,-38.21092590820155
4.939999999999939,0,11.691924933840431,-92.28805466341811,1.8296377684455745,-38.27084497182972
4.949999999999939,0,11.710212154174108,-92.67106255850686,1.8278072144834954,-38.3307040863897
4.959999999999939,0,11.7284810781301,-93.0546687451459,1.8259784919920308,-38.39050331186059
4.9699999999999385,0,11.746731724013948,-93.43887262474408,1.824151599138793,-38.45024270816147
4.979999999999938,0,11.764964110112876,-93.82367359930913,1.8223265340932278,-38.50992233515146
4.989999999999938,0,11.783178254695812,-94.20907107144711,1.8205032950266118,-38.5695422526298
4.999999999999938,0,11.80137417601341,-94.59506444436174,1.818681880112052,-38.62910252033591
5.009999999999938,0,11.819551892298055,-94.98165312185384,1.8168622875244826,-38.688603197949426
5.019999999999937,0,11.837711421763899,-95.36883650832074,1.8150445154406645,-38.748044345090285
5.029999999999937,0,11.855852782606867,-95.75661400875565,1.813228562039182,-38.80742602131877
5.039999999999937,0,11.873975993004683,-96.14498502874712,1.811414425500442,-38.86674828613556
5.049999999999937,0,11.892081071116877,-96.53394897447836,1.8096021040066723,-38.92601119898183
5.0599999999999365,0,11.910168035084817,-96.92350525272674,1.8077915957419188,-38.985214819239275
5.069999999999936,0,11.928236903031717,-97.31365327086314,1.8059828988920446,-39.04435920623016
5.079999999999936,0,11.94628769306266,-97.70439243685135,1.8041760116447276,-39.103444419217425
5.089999999999936,0,11.964320423264612,-98.09572215924749,1.8023709321894592,-39.1624705174047
5.099999999999936,0,11.982335111706448,-98.48764184719944,1.800567658717542,-39.22143755993639
5.1099999999999355,0,12.000331776438962,-98.88015091044622,1.7987661894220885,-39.28034560589772
5.119999999999935,0,12.01831043549489,-99.27324875931738,1.7969665224980187,-39.33919471431481
5.129999999999935,0,12.036271106888922,-99.66693480473249,1.7951686561420586,-39.3979849441547
5.139999999999935,0,12.05421380861773,-100.06120845820047,1.7933725885527385,-39.456716354325465
5.149999999999935,0,12.072138558659976,-100.456069131819,1.791578317930391,-39.515389003676226
5.159999999999934,0,12.090045374976336,-100.851516238274,1.7897858424771496,-39.574002950997226
5.169999999999934,0,12.107934275509518,-101.24754919083895,1.7879951603969457,-39.63255825501989
5.179999999999934,0,12.125805278184275,-101.6441674033744,1.7862062698955086,-39.69105497441688
5.189999999999934,0,12.143658400907428,-102.04137029032728,1.7844191691803624,-39.74949316780216
5.199999999999934,0,12.161493661567883,-102.43915726673043,1.7826338564608244,-39.807872893731044
5.209999999999933,0,12.179311078036646,-102.83752774820191,1.7808503299480039,-39.86619421070028
5.219999999999933,0,12.197110668166845,-103.23648115094444,1.7790685878547994,-39.924457177148064
5.229999999999933,0,12.214892449793744,-103.63601689174486,1.777288628395898,-39.98266185145414
5.239999999999933,0,12.232656440734765,-104.0361343879735,1.7755104497877725,-40.04080829193984
5.2499999999999325,0,12.2504026587895,-104.43683305758364,1.7737340502486807,-40.09889655686814
5.259999999999932,0,12.268131121739739,-104.83811231911086,1.7719594279986626,-40.156926704443734
5.269999999999932,0,12.285841847349474,-105.23997159167251,1.770186581259539,-40.21489879281308
5.279999999999932,0,12.30353485336493,-105.64241029496712,1.7684155082549098,-40.27281288006445
5.289999999999932,0,12.321210157514573,-106.0454278492738,1.7666462072101525,-40.33066902422801
5.299999999999931,0,12.338867777509133,-106.44902367545168,1.76487867635242,-40.388467283275865
5.309999999999931,0,12.356507731041622,-106.85319719493933,1.7631129139106387,-40.446207715122114
5.319999999999931,0,12.374130035787347,-107.25794782975413,1.7613489181155073,-40.503890377622916
5.329999999999931,0,12.391734709403933,-107.66327500249179,1.7595866871994943,-40.56151532857654
5.339999999999931,0,12.409321769531337,-108.06917813632566,1.7578262193968368,-40.61908262572344
5.34999999999993,0,12.426891233791869,-108.47565665500625,1.7560675129435386,-40.676592326746295
5.35999999999993,0,12.444443119790206,-108.88270998286058,1.7543105660773683,-40.73404448927006
5.36999999999993,0,12.461977445113416,-109.29033754479164,1.752555377037858,-40.791439170862056
5.37999999999993,0,12.479494227330964,-109.6985387662778,1.7508019440663003,-40.84877642903199
5.3899999999999295,0,12.496993483994743,-110.10731307337227,1.7490502654057483,-40.90605632123204
5.399999999999929,0,12.51447523263908,-110.51665989270245,1.7473003393010123,-40.963278904856914
5.409999999999929,0,12.531939490780763,-110.92657865146941,1.7455521639986589,-41.02044423724387
5.419999999999929,0,12.549386275919053,-111.33706877744731,1.743805737747009,-41.07755237567282
5.429999999999929,0,12.566815605535703,-111.74812969898285,1.7420610587961363,-41.13460337736637
5.4399999999999284,0,12.584227497094977,-112.15976084499464,1.7403181253978648,-41.19159729948985
5.449999999999928,0,12.601621968043661,-112.57196164497266,1.7385769358057679,-41.24853419915142
5.459999999999928,0,12.618999035811092,-112.98473152897768,1.736837488275166,-41.3054141334021
5.469999999999928,0,12.636358717809165,-113.39806992764069,1.7350997810631257,-41.362237159235825
5.479999999999928,0,12.653701031432353,-113.81197627216238,1.7333638124284565,-41.41900333358951
5.489999999999927,0,12.671025994057732,-114.22644999431249,1.7316295806317108,-41.47571271334309
5.499999999999927,0,12.688333623044988,-114.64149052642925,1.7298970839351808,-41.53236535531963
5.509999999999927,0,12.705623935736437,-115.05709730141889,1.7281663206028974,-41.58896131628529
5.519999999999927,0,12.722896949457047,-115.47326975275496,1.7264372889006283,-41.64550065294949
5.5299999999999265,0,12.74015268151445,-115.89000731447787,1.7247099870958766,-41.70198342196487
5.539999999999926,0,12.757391149198964,-116.30730942119425,1.7229844134578784,-41.75840967992741
5.549999999999926,0,12.774612369783608,-116.72517550807642,1.7212605662576015,-41.81477948337646
5.559999999999926,0,12.791816360524116,-117.14360501086179,1.7195384437677437,-41.87109288879481
5.569999999999926,0,12.809003138658962,-117.56259736585233,1.717818044262731,-41.92734995260873
5.5799999999999255,0,12.826172721409371,-117.98215200991396,1.7160993660187158,-41.983550731188025
5.589999999999925,0,12.843325125979337,-118.40226838047607,1.7143824073135752,-42.039695280846125
5.599999999999925,0,12.860460369555643,-118.82294591553088,1.712667166426909,-42.09578365784011
5.609999999999925,0,12.877578469307874,-119.24418405363288,1.7109536416400388,-42.151815918370765
5.619999999999925,0,12.894679442388442,-119.66598223389829,1.7092418312360054,-42.20779211858266
5.629999999999924,0,12.911763305932595,-120.08833989600453,1.7075317334995674,-42.26371231456418
5.639999999999924,0,12.928830077058436,-120.51125648018959,1.7058233467171997,-42.319576562347606
5.649999999999924,0,12.94587977286694,-120.93473142725149,1.7041166691770913,-42.37538491790915
5.659999999999924,0,12.962912410441977,-121.35876417854777,1.702411699169144,-42.43113743716902
5.6699999999999235,0,12.979928006850322,-121.78335417599487,1.7007084349849708,-42.48683417599148
5.679999999999923,0,12.996926579141675,-122.20850086206761,1.6990068749178937,-42.5424751901849
5.689999999999923,0,13.01390814434868,-122.63420367979857,1.6973070172629423,-42.598060535501816
5.699999999999923,0,13.030872719486934,-123.06046207277764,1.695608860316852,-42.653590267638975
5.709999999999923,0,13.047820321555015,-123.48727548515136,1.693912402378062,-42.709064442237406
5.7199999999999225,0,13.064750967534493,-123.9146433616224,1.6922176417467145,-42.76448311488247
5.729999999999922,0,13.081664674389948,-124.34256514744901,1.6905245767246522,-42.819846341103904
5.739999999999922,0,13.098561459068986,-124.77104028844447,1.6888332056154165,-42.87515417637591
5.749999999999922,0,13.115441338502256,-125.20006823097653,1.6871435267242465,-42.930406676117165
5.759999999999922,0,13.132304329603471,-125.62964842196682,1.6854555383580767,-42.98560389569092
5.769999999999921,0,13.149150449269419,-126.05978030889035,1.6837692388255356,-43.04074589040502
5.779999999999921,0,13.165979714379983,-126.49046333977493,1.6820846264369438,-43.095832715511975
5.789999999999921,0,13.182792141798158,-126.9216969632006,1.6804016995043125,-43.15086442620902
5.799999999999921,0,13.199587748370067,-127.35348062829912,1.6787204563413418,-43.205841077638155
5.809999999999921,0,13.216366550924985,-127.78581378475337,1.677040895263419,-43.260762724886234
5.81999999999992,0,13.233128566275337,-128.21869588279685,1.6753630145876166,-43.31562942298497
5.82999999999992,0,13.249873811216737,-128.6521263732131,1.6736868126326911,-43.37044122691103
5.83999999999992,0,13.26660230252799,-129.0861047073351,1.672012287719081,-43.425198191586084
5.84999999999992,0,13.283314056971118,-129.52063033704482,1.6703394381689052,-43.47990037187684
5.8599999999999195,0,13.30000909129137,-129.95570271477266,1.6686682623059612,-43.53454782259511
5.869999999999919,0,13.316687422217239,-130.39132129349673,1.6669987584557238,-43.58914059849787
5.879999999999919,0,13.333349066460483,-130.8274855267426,1.665330924945343,-43.64367875428732
5.889999999999919,0,13.349994040716146,-131.26419486858248,1.6636647601036425,-43.69816234461093
5.899999999999919,0,13.366622361662557,-131.7014487736348,1.662000262261118,-43.75259142406148
5.909999999999918,0,13.383234045961368,-132.1392466970637,1.6603374297499356,-43.80696604717714
5.919999999999918,0,13.399829110257556,-132.57758809457835,1.65867626090393,-43.861286268441525
5.929999999999918,0,13.416407571179446,-133.0164724224325,1.6570167540586032,-43.915552142283715
5.939999999999918,0,13.432969445338728,-133.455899137424,1.655358907551122,-43.96976372307835
5.949999999999918,0,13.449514749330469,-133.89586769689407,1.6537027197203171,-44.02392106514567
5.959999999999917,0,13.466043499733132,-134.33637755872692,1.6520481889066814,-44.07802422275156
5.969999999999917,0,13.482555713108601,-134.7774281813491,1.650395313452368,-44.13207325010761
5.979999999999917,0,13.499051406002181,-135.2190190237291,1.6487440917011884,-44.18606820137118
5.989999999999917,0,13.515530594942625,-135.66114954537656,1.6470945219986117,-44.24000913064544
5.9999999999999165,0,13.531993296442153,-136.10381920634202,1.6454466026917618,-44.293896091979434
6.009999999999916,0,13.54843952699646,-136.54702746721617,1.6438003321294166,-44.34772913936812
6.019999999999916,0,13.564869303084741,-136.9907737891294,1.642155708662006,-44.40150832675245
6.029999999999916,0,13.5812826411697,-137.43505763375123,1.6405127306416103,-44.455233708019385
6.039999999999916,0,13.597679557697573,-137.87987846328977,1.6388713964219586,-44.508905337002
6.0499999999999154,0,13.614060069098139,-138.32523574049125,1.6372317043584268,-44.562523267479484
6.059999999999915,0,13.630424191784742,-138.77112892863934,1.6355936528080366,-44.616087553177245
6.069999999999915,0,13.6467719421543,-139.21755749155477,1.6339572401294533,-44.66959824776691
6.079999999999915,0,13.663103336587332,-139.66452089359467,1.6323224646829846,-44.72305540486644
6.089999999999915,0,13.67941839144796,-140.11201859965212,1.6306893248305783,-44.776459078040126
6.099999999999914,0,13.695717123083943,-140.5600500751555,1.6290578189358216,-44.829809320798674
6.109999999999914,0,13.711999547826677,-141.00861478606808,1.6274279453639384,-44.88310618659926
6.119999999999914,0,13.728265681991223,-141.4577121988875,1.6257997024817885,-44.936349728845556
6.129999999999914,0,13.744515541876314,-141.90734178064503,1.6241730886578656,-44.989540000887835
6.1399999999999135,0,13.76074914376438,-142.35750299890526,1.6225481022622958,-45.04267705602297
6.149999999999913,0,13.77696650392156,-142.80819532176548,1.6209247416668358,-45.09576094749451
6.159999999999913,0,13.793167638597717,-143.25941821785514,1.6193030052448711,-45.14879172849275
6.169999999999913,0,13.809352564026458,-143.71117115633535,1.6176828913714152,-45.20176945215476
6.179999999999913,0,13.825521296425146,-144.16345360689826,1.6160643984231071,-45.25469417156443
6.1899999999999125,0,13.84167385199492,-144.61626503976663,1.61444752477821,-45.30756593975257
6.199999999999912,0,13.857810246920709,-145.06960492569328,1.6128322688166092,-45.36038480969691
6.209999999999912,0,13.873930497371251,-145.52347273596055,1.6112186289198118,-45.41315083432219
6.219999999999912,0,13.890034619499106,-145.9778679423797,1.6096066034709435,-45.46586406650018
6.229999999999912,0,13.90612262944067,-146.43279001729053,1.6079961908547482,-45.51852455904977
6.239999999999911,0,13.9221945433162,-146.88823843356067,1.6063873894575853,-45.571132364737
6.249999999999911,0,13.93825037722982,-147.34421266458523,1.6047801976674292,-45.623687536275106
6.259999999999911,0,13.954290147269548,-147.80071218428614,1.6031746138738667,-45.6761901263246
6.269999999999911,0,13.970313869507297,-148.2577364671117,1.6015706364680962,-45.7286401874933
6.2799999999999105,0,13.98632155999891,-148.71528498803602,1.5999682638429251,-45.78103777233639
6.28999999999991,0,14.002313234784157,-149.17335722255845,1.5983674943927697,-45.833382933356475
6.29999999999991,0,14.018288909886765,-149.63195264670316,1.5967683265136519,-45.88567572300363
6.30999999999991,0,14.03424860131443,-150.0910707370185,1.5951707586031987,-45.93791619367545
6.31999999999991,0,14.050192325058829,-150.55071097057666,1.5935747890606402,-45.99010439771711
6.3299999999999095,0,14.066120097095643,-151.01087282497286,1.5919804162868083,-46.042240387421415
6.339999999999909,0,14.082031933384567,-151.4715557783251,1.5903876386841347,-46.09432421502885
6.349999999999909,0,14.097927849869327,-151.93275930927345,1.5887964546566493,-46.14635593272762
6.359999999999909,0,14.1138078624777,-152.39448289697967,1.587206862609979,-46.19833559265374
6.369999999999909,0,14.129671987121526,-152.85672602112655,1.5856188609513455,-46.25026324689105
6.379999999999908,0,14.145520239696726,-153.3194881619175,1.584032448089565,-46.30213894747128
6.389999999999908,0,14.161352636083317,-153.78276880007596,1.5824476224350443,-46.353962746374094
6.399999999999908,0,14.177169192145428,-154.24656741684495,1.580864382399782,-46.40573469552717
6.409999999999908,0,14.192969923731313,-154.71088349398647,1.5792827263973648,-46.45745484680622
6.419999999999908,0,14.208754846673376,-155.17571651378105,1.5777026528429663,-46.50912325203505
6.429999999999907,0,14.224523976788173,-155.64106595902715,1.5761241601533462,-46.56073996298563
6.439999999999907,0,14.240277329876442,-156.10693131304072,1.574547246746848,-46.61230503137812
6.449999999999907,0,14.256014921723109,-156.57331205965468,1.572971911043398,-46.66381850888094
6.459999999999907,0,14.271736768097309,-157.04020768321834,1.5713981514645028,-46.71528044711081
6.4699999999999065,0,14.2874428847524,-157.5076176685969,1.5698259664332488,-46.76669089763281
6.479999999999906,0,14.303133287425975,-157.975541501171,1.5682553543742999,-46.81804991196044
6.489999999999906,0,14.318807991839886,-158.4439786668361,1.566686313713896,-46.869357541555644
6.499999999999906,0,14.334467013700253,-158.9129286520021,1.565118842879852,-46.92061383782889
6.509999999999906,0,14.350110368697482,-159.3823909435927,1.5635529403015551,-46.971818852139194
6.519999999999905,0,14.365738072506284,-159.8523650290449,1.5619886044099645,-47.02297263579421
6.529999999999905,0,14.381350140785681,-160.32285039630858,1.5604258336376087,-47.07407524005024
6.539999999999905,0,14.396946589179036,-160.7938465338459,1.5588646264185848,-47.12512671611232
6.549999999999905,0,14.412527433314054,-161.26535293063085,1.5573049811885566,-47.176127115134236
6.559999999999905,0,14.428092688802808,-161.7373690761486,1.5557468963847532,-47.227076488218614
6.569999999999904,0,14.443642371241749,-162.20989446039522,1.5541903704459665,-47.277974886416935
6.579999999999904,0,14.459176496211727,-162.68292857387692,1.5526354018125512,-47.32882236072962
6.589999999999904,0,14.474695079278002,-163.1564709076098,1.551081988926422,-47.37961896210604
6.599999999999904,0,14.490198135990257,-163.63052095311903,1.5495301302310525,-47.43036474144463
6.6099999999999035,0,14.505685681882623,-164.10507820243868,1.5479798241714737,-47.48105974959285
6.619999999999903,0,14.521157732473688,-164.5801421481109,1.5464310691942724,-47.53170403734733
6.629999999999903,0,14.536614303266509,-165.05571228318564,1.5448838637475895,-47.582297655453864
6.639999999999903,0,14.552055409748638,-165.53178810121997,1.5433382062811185,-47.63284065460746
6.649999999999903,0,14.56748106739213,-166.0083690962778,1.5417940952461042,-47.68333308545243
6.659999999999902,0,14.582891291653558,-166.48545476292904,1.5402515290953407,-47.733774998582405
6.669999999999902,0,14.598286097974034,-166.96304459624943,1.53871050628317,-47.78416644454039
6.679999999999902,0,14.61366550177922,-167.44113809181985,1.5371710252654809,-47.834507473818825
6.689999999999902,0,14.629029518479344,-167.91973474572583,1.5356330844997066,-47.884798136859644
6.699999999999902,0,14.644378163469215,-168.39883405455706,1.534096682444824,-47.9350384840543
6.709999999999901,0,14.65971145212824,-168.8784355154069,1.5325618175613516,-47.985228565743846
6.719999999999901,0,14.67502939982044,-169.35853862587192,1.5310284883113485,-48.035368432218945
6.729999999999901,0,14.690332021894466,-169.83914288405126,1.5294966931584122,-48.08545813371996
6.739999999999901,0,14.70561933368361,-170.3202477885463,1.5279664305676772,-48.135497720436994
6.7499999999999005,0,14.72089135050582,-170.80185283846,1.5264376990058142,-48.185487242509915
6.7599999999999,0,14.736148087663725,-171.2839575333965,1.5249104969410274,-48.23542675002844
6.7699999999999,0,14.75138956044464,-171.76656137346055,1.523384822843054,-48.28531629303217
6.7799999999999,0,14.766615784120585,-172.2496638592571,1.521860675183162,-48.33515592151064
6.7899999999999,0,14.781826773948303,-172.73326449189074,1.520338052434149,-48.384945685403366
6.7999999999998995,0,14.79702254516927,-173.21736277296517,1.5188169530703404,-48.43468563459991
6.809999999999899,0,14.81220311300971,-173.70195820458275,1.517297375567588,-48.48437581893991
6.819999999999899,0,14.827368492680622,-174.187050289344,1.515779318403269,-48.53401628821314
6.829999999999899,0,14.842518699377775,-174.67263853034703,1.5142627800562836,-48.58360709215956
6.839999999999899,0,14.857653748281747,-175.1587224311872,1.5127477590070537,-48.63314828046938
6.849999999999898,0,14.872773654557916,-175.64530149595643,1.511234253737522,-48.682639902783066
6.859999999999898,0,14.887878433356496,-176.13237522924285,1.5097222627311497,-48.73208200869144
6.869999999999898,0,14.902968099812538,-176.61994313613027,1.5082117844729155,-48.781474647735706
6.879999999999898,0,14.918042669045954,-177.1080047221976,1.5067028174493136,-48.83081786940749
6.8899999999998975,0,14.933102156161526,-177.5965594935184,1.5051953601483525,-48.88011172314892
6.899999999999897,0,14.948146576248922,-178.08560695666057,1.5036894110595538,-48.92935625835264
6.909999999999897,0,14.963175944382717,-178.5751466186855,1.50218496867395,-48.97855152436189
6.919999999999897,0,14.978190275622401,-179.06517798714782,1.5006820314840832,-49.02769757047054
6.929999999999897,0,14.993189585012399,-179.55570057009493,1.4991805979840043,-49.07679444592312
6.9399999999998965,0,15.00817388758208,-180.04671387606632,1.4976806666692701,-49.12584219991492
6.949999999999896,0,15.023143198345783,-180.53821741409325,1.4961822360369434,-49.174840881592004
6.959999999999896,0,15.03809753230282,-181.03021069369817,1.4946853045855903,-49.22379054005125
6.969999999999896,0,15.053036904437496,-181.52269322489428,1.493189870815279,-49.27269122434043
6.979999999999896,0,15.067961329719125,-182.015664518185,1.4916959332275788,-49.32154298345823
6.989999999999895,0,15.082870823102047,-182.50912408456344,1.4902034903255574,-49.37034586635433
6.999999999999895,0,15.097765399525635,-183.00307143551206,1.4887125406137809,-49.41909992192942
7.009999999999895,0,15.112645073914322,-183.497506083002,1.4872230825983113,-49.46780519903528
7.019999999999895,0,15.127509861177602,-183.99242753949275,1.4857351147867053,-49.5164617464748
7.0299999999998946,0,15.142359776210057,-184.4878353179315,1.4842486356880127,-49.565069613002045
7.039999999999894,0,15.157194833891364,-184.9837289317528,1.4827636438127754,-49.6136288473223
7.049999999999894,0,15.172015049086312,-185.48010789487796,1.481280137673025,-49.66213949809214
7.059999999999894,0,15.186820436644823,-185.97697172171465,1.479798115782282,-49.71060161391943
7.069999999999894,0,15.201611011401956,-186.47431992715633,1.4783175766555543,-49.75901524336342
7.0799999999998935,0,15.216386788177934,-186.9721520265819,1.4768385188093354,-49.80738043493478
7.089999999999893,0,15.231147781778143,-187.47046753585505,1.4753609407616028,-49.855697237095626
7.099999999999893,0,15.245894006993165,-187.96926597132384,1.4738848410318173,-49.90396569825961
7.109999999999893,0,15.26062547859878,-188.46854684982026,1.4724102181409207,-49.952185866791936
7.119999999999893,0,15.275342211355984,-188.96830968865967,1.4709370706113343,-50.000357791009414
7.129999999999892,0,15.290044220011005,-189.46855400564044,1.4694653969669582,-50.04848151918051
7.139999999999892,0,15.304731519295322,-189.9692793190433,1.4679951957331692,-50.09655709952542
7.149999999999892,0,15.319404123925668,-190.47048514763094,1.466526465436819,-50.14458458021607
7.159999999999892,0,15.334062048604059,-190.9721710106476,1.465059204606234,-50.1925640093762
7.169999999999892,0,15.348705308017793,-191.47433642781846,1.4635934117712126,-50.2404954350814
7.179999999999891,0,15.363333916839482,-191.97698091934924,1.4621290854630238,-50.288378905359174
7.189999999999891,0,15.377947889727054,-192.48010400592565,1.4606662242144066,-50.336214468188956
7.199999999999891,0,15.39254724132377,-192.98370520871302,1.4592048265595678,-50.38400217150218
7.209999999999891,0,15.407131986258246,-193.48778404935572,1.4577448910341808,-50.431742063182334
7.2199999999998905,0,15.421702139144454,-193.9923400499767,1.456286416175384,-50.47943419106499
7.22999999999989,0,15.436257714581751,-194.497372733177,1.4548294005217792,-50.52707860293786
7.23999999999989,0,15.450798727154888,-195.00288162203543,1.4533738426134306,-50.574675346540864
7.24999999999989,0,15.46532519143402,-195.50886624010784,1.451919740991863,-50.62222446956613
7.25999999999989,0,15.479837121974727,-196.01532611142676,1.4504670942000604,-50.66972601965807
7.269999999999889,0,15.494334533318023,-196.52226076050098,1.4490159007824643,-50.71718004441346
7.279999999999889,0,15.508817439990375,-197.029669712315,1.4475661592849731,-50.76458659138142
7.289999999999889,0,15.52328585650372,-197.53755249232862,1.4461178682549394,-50.811945708063526
7.299999999999889,0,15.537739797355473,-198.0459086264763,1.4446710262411695,-50.859257441913805
7.309999999999889,0,15.552179277028543,-198.5547376411669,1.4432256317939214,-50.90652184033882
7.319999999999888,0,15.56660430999135,-199.06403906328308,1.4417816834649038,-50.95373895069769
7.329999999999888,0,15.58101491069784,-199.57381242018087,1.4403391798072744,-51.00090882030217
7.339999999999888,0,15.595411093587495,-200.08405723968914,1.4388981193756383,-51.04803149641667
7.349999999999888,0,15.609792873085352,-200.5947730501092,1.4374585007260468,-51.09510702625831
7.3599999999998875,0,15.624160263602016,-201.10595938021433,1.436020322415996,-51.142135456996975
7.369999999999887,0,15.638513279533672,-201.61761575924916,1.434583583004425,-51.18911683575535
7.379999999999887,0,15.652851935262104,-202.12974171692943,1.4331482810517147,-51.23605120960897
7.389999999999887,0,15.667176245154707,-202.64233678344132,1.4317144151196866,-51.28293862558629
7.399999999999887,0,15.681486223564498,-203.15540048944115,1.4302819837716008,-51.32977913066869
7.4099999999998865,0,15.695781884830138,-203.66893236605472,1.4288509855721552,-51.37657277179056
7.419999999999886,0,15.71006324327594,-204.18293194487697,1.4274214190874832,-51.42331959583933
7.429999999999886,0,15.724330313211887,-204.69739875797148,1.4259932828851534,-51.47001964965552
7.439999999999886,0,15.738583108933643,-205.21233233787007,1.424566575534167,-51.51667298003277
7.449999999999886,0,15.75282164472257,-205.72773221757217,1.4231412956049574,-51.563279633717926
7.459999999999885,0,15.767045934845742,-206.24359793054444,1.4217174416693878,-51.60983965741105
7.469999999999885,0,15.781255993555957,-206.75992901072038,1.4202950123007507,-51.65635309776549
7.479999999999885,0,15.795451835091756,-207.27672499249977,1.4188740060737657,-51.7028200013879
7.489999999999885,0,15.809633473677431,-207.79398541074815,1.4174544215645783,-51.74924041483832
7.4999999999998845,0,15.823800923523047,-208.31170980079654,1.4160362573507592,-51.795614384630206
7.509999999999884,0,15.837954198824447,-208.82989769844076,1.4146195120113016,-51.841941957230475
7.519999999999884,0,15.852093313763271,-209.34854863994113,1.4132041841266205,-51.888223179059544
7.529999999999884,0,15.866218282506978,-209.86766216202193,1.4117902722785516,-51.9344580964914
7.539999999999884,0,15.880329119208843,-210.38723780187095,1.410377775050349,-51.98064675585362
7.5499999999998835,0,15.894425838007985,-210.907275097139,1.4089666910266845,-52.02678920342745
7.559999999999883,0,15.908508453029377,-211.4277735859395,1.407557018793646,-52.072885485447806
7.569999999999883,0,15.922576978383859,-211.94873280684794,1.4061487569387356,-52.11893564810337
7.579999999999883,0,15.936631428168152,-212.47015229890155,1.4047419040508695,-52.16493973753659
7.589999999999883,0,15.950671816464876,-212.99203160159868,1.4033364587203747,-52.21089779984377
7.599999999999882,0,15.96469815734256,-213.51437025489844,1.401932419538989,-52.25680988107508
7.609999999999882,0,15.978710464855657,-214.03716779922019,1.4005297850998595,-52.30267602723462
7.619999999999882,0,15.992708753044559,-214.56042377544313,1.39912855399754,-52.348496284280465
7.629999999999882,0,16.00669303593561,-215.08413772490582,1.3977287248279913,-52.39427069812471
7.6399999999998816,0,16.02066332754112,-215.60830918940565,1.3963302961885784,-52.4399993146335
7.649999999999881,0,16.034619641859383,-216.1329377111985,1.39493326667807,-52.485682179627126
7.659999999999881,0,16.04856199287468,-216.6580228329982,1.3935376348966366,-52.531319338879996
7.669999999999881,0,16.062490394557315,-217.1835640979761,1.3921433994458492,-52.57691083812074
7.679999999999881,0,16.076404860863597,-217.70956104976062,1.390750558928678,-52.622456723032236
7.6899999999998805,0,16.090305405735887,-218.23601323243676,1.3893591119494906,-52.66795703925166
7.69999999999988,0,16.104192043102586,-218.76292019054566,1.3879690571140515,-52.71341183237052
7.70999999999988,0,16.11806478687817,-219.29028146908416,1.3865803930295197,-52.758821147934704
7.71999999999988,0,16.131923650963177,-219.81809661350437,1.385193118304448,-52.804185031444554
7.72999999999988,0,16.145768649244257,-220.34636516971307,1.3838072315487808,-52.849503528354866
7.739999999999879,0,16.15959979559415,-220.87508668407148,1.3824227313738542,-52.89477668407497
7.749999999999879,0,16.17341710387173,-221.40426070339458,1.3810396163923928,-52.940004543968755
7.759999999999879,0,16.187220587921995,-221.93388677495088,1.3796578852185097,-52.98518715335473
7.769999999999879,0,16.2010102615761,-222.4639644464617,1.3782775364677042,-53.03032455750607
7.779999999999879,0,16.214786138651352,-222.994493266101,1.3768985687568611,-53.07541680165064
7.789999999999878,0,16.22854823295124,-223.5254727824947,1.3755209807042488,-53.12046393097106
7.799999999999878,0,16.242296558265437,-224.0569025447204,1.3741447709295183,-53.16546599060475
7.809999999999878,0,16.25603112836983,-224.5887821023068,1.3727699380537013,-53.21042302564396
7.819999999999878,0,16.269751957026514,-225.12111100523327,1.3713964806992096,-53.25533508113584
7.8299999999998775,0,16.283459057983816,-225.6538888039295,1.3700243974898332,-53.30020220208245
7.839999999999877,0,16.297152444976312,-226.18711504927495,1.3686536870507386,-53.34502443344084
7.849999999999877,0,16.310832131724833,-226.72078929259834,1.3672843480084684,-53.38980182012308
7.859999999999877,0,16.324498131936483,-227.2549110856774,1.3659163789909388,-53.4345344069963
7.869999999999877,0,16.338150459304654,-227.7894799807383,1.364549778627439,-53.47922223888274
7.879999999999876,0,16.351789127509033,-228.3244955304551,1.3631845455486298,-53.5238653605598
7.889999999999876,0,16.365414150215624,-228.8599572879495,1.3618206783865416,-53.56846381676008
7.899999999999876,0,16.37902554107676,-229.39586480679029,1.360458175774574,-53.61301765217142
7.909999999999876,0,16.392623313731114,-229.93221764099292,1.3590970363474935,-53.65752691143695
7.919999999999876,0,16.40620748180371,-230.46901534501902,1.3577372587414325,-53.701991639155146
7.929999999999875,0,16.41977805890594,-231.006257473776,1.356378841593888,-53.74641187987985
7.939999999999875,0,16.43333505863559,-231.5439435826166,1.3550217835437204,-53.79078767812033
7.949999999999875,0,16.44687849457682,-232.08207322733838,1.3536660832311516,-53.83511907834133
7.959999999999875,0,16.460408380300212,-232.62064596418338,1.3523117392977642,-53.8794061249631
7.9699999999998745,0,16.473924729362775,-233.15966134983762,1.3509587503864997,-53.923648862361446
7.979999999999874,0,16.487427555307942,-233.69911894143058,1.3496071151416575,-53.967847334867784
7.989999999999874,0,16.500916871665606,-234.23901829653497,1.3482568322088935,-54.012001586769166
7.999999999999874,0,16.514392691952118,-234.77935897316598,1.3469079002352182,-54.056111662308346
8.009999999999874,0,16.52785502967031,-235.32014052978113,1.345560317868996,-54.10017760568381
8.019999999999873,0,16.5413038983095,-235.86136252527967,1.344214083759944,-54.144199461049816
8.029999999999873,0,16.55473931134551,-236.40302451900214,1.3428691965591295,-54.18817727251645
8.039999999999873,0,16.56816128224068,-236.94512607073,1.34152565491897,-54.232111084149665
8.049999999999873,0,16.58156982444389,-237.48766674068514,1.340183457493231,-54.27600093997133
8.059999999999873,0,16.594964951390548,-238.03064608952943,1.3388426029370248,-54.31984688395927
8.069999999999872,0,16.60834667650263,-238.57406367836433,1.3375030899068097,-54.36364896004731
8.079999999999872,0,16.621715013188684,-239.11791906873037,1.3361649170603878,-54.40740721212531
8.089999999999872,0,16.63506997484384,-239.66221182260682,1.3348280830569041,-54.45112168403922
8.099999999999872,0,16.648411574849824,-240.20694150241115,1.3334925865568454,-54.49479241959114
8.109999999999872,0,16.661739826574976,-240.75210767099867,1.3321584262220385,-54.53841946253933
8.119999999999871,0,16.675054743374265,-241.29770989166198,1.3308256007156491,-54.582002856598265
8.129999999999871,0,16.68835633858929,-241.84374772813064,1.3294941087021803,-54.6255426454387
8.139999999999871,0,16.701644625548308,-242.39022074457074,1.3281639488474715,-54.66903887268768
8.14999999999987,0,16.714919617566242,-242.9371285055844,1.3268351198186967,-54.71249158192862
8.15999999999987,0,16.728181327944682,-243.48447057620933,1.3255076202843636,-54.755900816701306
8.16999999999987,0,16.741429769971926,-244.03224652191844,1.3241814489143122,-54.79926662050199
8.17999999999987,0,16.754664956922966,-244.5804559086194,1.322856604379713,-54.84258903678339
8.18999999999987,0,16.76788690205952,-245.12909830265414,1.321533085353066,-54.885868108954746
8.19999999999987,0,16.781095618630026,-245.6781732707985,1.3202108905081997,-54.929103880381874
8.20999999999987,0,16.79429111986968,-246.2276803802618,1.318890018520269,-54.97229639438721
8.21999999999987,0,16.80747341900043,-246.77761919868627,1.3175704680657547,-55.01544569424982
8.229999999999869,0,16.820642529230998,-247.3279892941468,1.3162522378224617,-55.0585518232055
8.239999999999869,0,16.83379846375688,-247.87879023515038,1.3149353264695176,-55.10161482444677
8.249999999999869,0,16.846941235760386,-248.4300215906357,1.3136197326873715,-55.14463474112294
8.259999999999868,0,16.860070858410626,-248.9816829299728,1.312305455157793,-55.187611616340156
8.269999999999868,0,16.873187344863542,-249.5337738229625,1.3109924925638705,-55.23054549316142
8.279999999999868,0,16.886290708261907,-250.08629383983606,1.3096808435900096,-55.27343641460667
8.289999999999868,0,16.899380961735343,-250.63924255125465,1.3083705069219327,-55.31628442365279
8.299999999999867,0,16.912458118400345,-251.1926195283091,1.3070614812466768,-55.35908956323366
8.309999999999867,0,16.925522191360276,-251.74642434251933,1.3057537652525923,-55.401851876240215
8.319999999999867,0,16.938573193705395,-252.30065656583392,1.3044473576293427,-55.44457140552048
8.329999999999867,0,16.951611138512863,-252.85531577062972,1.3031422570679017,-55.487248193879594
8.339999999999867,0,16.964636038846756,-253.41040152971146,1.301838462260553,-55.529882284079896
8.349999999999866,0,16.977647907758076,-253.96591341631128,1.3005359719008889,-55.57247371884092
8.359999999999866,0,16.990646758284775,-254.52185100408826,1.2992347846838082,-55.615022540839455
8.369999999999866,0,17.003632603451752,-255.07821386712806,1.2979348993055158,-55.65752879270961
8.379999999999866,0,17.016605456270884,-255.63500157994247,1.2966363144635211,-55.69999251704284
8.389999999999866,0,17.029565329741022,-256.1922137174689,1.2953390288566367,-55.74241375638796
8.399999999999865,0,17.042512236848015,-256.74984985507024,1.2940430411849766,-55.78479255325124
8.409999999999865,0,17.05544619056472,-257.30790956853394,1.2927483501499557,-55.82712895009642
8.419999999999865,0,17.068367203851015,-257.86639243407217,1.2914549544542882,-55.86942298934475
8.429999999999865,0,17.081275289653806,-258.42529802832087,1.290162852801986,-55.91167471337503
8.439999999999864,0,17.094170460907055,-258.9846259283397,1.2888720438983579,-55.95388416452367
8.449999999999864,0,17.107052730531773,-259.5443757116114,1.2875825264500076,-55.99605138508472
8.459999999999864,0,17.119922111436054,-260.1045469560414,1.2862942991648334,-56.03817641730991
8.469999999999864,0,17.132778616515072,-260.66513923995757,1.285007360752026,-56.08025930340872
8.479999999999864,0,17.145622258651095,-261.2261521421096,1.2837217099220677,-56.12230008554836
8.489999999999863,0,17.15845305071351,-261.7875852416685,1.2824373453867306,-56.16429880585388
8.499999999999863,0,17.17127100555883,-262.34943811822666,1.2811542658590762,-56.20625550640818
8.509999999999863,0,17.18407613603069,-262.9117103517967,1.2798724700534534,-56.248170229252054
8.519999999999863,0,17.196868454959894,-263.4744015228117,1.278591956685497,-56.290043016384224
8.529999999999863,0,17.209647975164398,-264.0375112121244,1.2773127244721276,-56.331873909761406
8.539999999999862,0,17.222414709449335,-264.60103900100694,1.2760347721315488,-56.373662951298336
8.549999999999862,0,17.235168670607028,-265.1649844711504,1.274758098383247,-56.4154101828678
8.559999999999862,0,17.247909871416997,-265.72934720466435,1.2734827019479895,-56.45711564630072
8.569999999999862,0,17.260638324645985,-266.2941267840764,1.272208581547824,-56.498779383386136
8.579999999999862,0,17.273354043047956,-266.859322792332,1.270935735906076,-56.540401435871296
8.589999999999861,0,17.28605703936411,-267.4249348127938,1.2696641637473491,-56.58198184546167
8.599999999999861,0,17.298747326322903,-267.9909624292412,1.2683938637975225,-56.623520653821004
8.60999999999986,0,17.311424916640057,-268.55740522587024,1.26712483478375,-56.665017902571364
8.61999999999986,0,17.324089823018575,-269.1242627872927,1.2658570754344594,-56.706473633293164
8.62999999999986,0,17.336742058148744,-269.69153469853615,1.2645905844793504,-56.74788788752523
8.63999999999986,0,17.34938163470816,-270.2592205450432,1.2633253606493935,-56.78926070676482
8.64999999999986,0,17.36200856536173,-270.82731991267144,1.262061402676829,-56.83059213246768
8.65999999999986,0,17.374622862761697,-271.39583238769256,1.260798709295166,-56.87188220604806
8.66999999999986,0,17.387224539547635,-271.9647575567924,1.2595372792391801,-56.913130968878804
8.67999999999986,0,17.39981360834648,-272.5340950070701,1.258277111244913,-56.95433846229134
8.68999999999986,0,17.412390081772532,-273.1038443260382,1.257018204049671,-56.99550472757576
8.699999999999859,0,17.424953972427474,-273.6740051016216,1.2557605563920236,-57.03662980598082
8.709999999999859,0,17.437505292900372,-274.24457692215776,1.2545041670118027,-57.077713738714046
8.719999999999859,0,17.45004405576771,-274.81555937639587,1.2532490346501008,-57.1187565669417
8.729999999999858,0,17.462570273593375,-275.38695205349654,1.2519951580492699,-57.15975833178887
8.739999999999858,0,17.475083958928696,-275.9587545430316,1.2507425359529203,-57.20071907433951
8.749999999999858,0,17.487585124312435,-276.5309664349834,1.2494911671059192,-57.241638835636444
8.759999999999858,0,17.500073782270814,-277.1035873197444,1.24824105025439,-57.282517656681456
8.769999999999857,0,17.51254994531752,-277.67661678811703,1.2469921841457097,-57.3233555784353
8.779999999999857,0,17.525013625953726,-278.25005443131306,1.2457445675285097,-57.36415264181774
8.789999999999857,0,17.53746483666809,-278.82389984095335,1.2444981991526727,-57.40490888770761
8.799999999999857,0,17.54990358993678,-279.3981526090672,1.243253077769332,-57.44562435694285
8.809999999999857,0,17.562329898223478,-279.97281232809223,1.242009202130871,-57.48629909032053
8.819999999999856,0,17.574743773979396,-280.54787859087367,1.240766570990921,-57.526933128596895
8.829999999999856,0,17.587145229643294,-281.1233509906642,1.23952518310436,-57.56752651248743
8.839999999999856,0,17.599534277641485,-281.69922912112344,1.2382850372273124,-57.60807928266689
8.849999999999856,0,17.611910930387843,-282.2755125763175,1.2370461321171466,-57.648591479769316
8.859999999999856,0,17.62427520028383,-282.8522009507188,1.2358084665324744,-57.6890631443881
8.869999999999855,0,17.636627099718496,-283.42929383920523,1.2345720392331496,-57.729494317076025
8.879999999999855,0,17.648966641068494,-284.0067908370603,1.2333368489802667,-57.76988503834529
8.889999999999855,0,17.6612938366981,-284.58469153997214,1.23210289453616,-57.81023534866758
8.899999999999855,0,17.673608698959217,-285.1629955440336,1.230870174664402,-57.85054528847407
8.909999999999854,0,17.685911240191388,-285.74170244574157,1.2296386881298016,-57.890814898155504
8.919999999999854,0,17.698201472721813,-286.32081184199666,1.2284084336984045,-57.93104421806219
8.929999999999854,0,17.710479408865353,-286.90032333010276,1.2271794101374904,-57.97123328850408
8.939999999999854,0,17.72274506092456,-287.48023650776673,1.2259516162155726,-58.011382149750794
8.949999999999854,0,17.734998441189667,-288.0605509730978,1.2247250507023961,-58.05149084203167
8.959999999999853,0,17.74723956193861,-288.64126632460733,1.223499712368937,-58.091559405535776
8.969999999999853,0,17.759468435437043,-289.2223821612085,1.2222755999874013,-58.13158788041199
8.979999999999853,0,17.771685073938357,-289.80389808221554,1.2210527123312231,-58.17157630676902
8.989999999999853,0,17.78388948968367,-290.38581368734384,1.2198310481750638,-58.21152472467543
8.999999999999853,0,17.796081694901858,-290.96812857670903,1.2186106062948108,-58.25143317415971
9.009999999999852,0,17.808261701809567,-291.550842350827,1.2173913854675757,-58.29130169521029
9.019999999999852,0,17.82042952261121,-292.1339546106132,1.2161733844716947,-58.331130327775604
9.029999999999852,0,17.832585169499,-292.7174649573825,1.214956602086725,-58.37091911176411
9.039999999999852,0,17.844728654652947,-293.3013729928485,1.2137410370934458,-58.41066808704434
9.049999999999851,0,17.85685999024087,-293.8856783191234,1.2125266882738557,-58.45037729344494
9.059999999999851,0,17.86897918841842,-294.4703805387174,1.211313554411172,-58.490046770754695
9.069999999999851,0,17.88108626132909,-295.05547925453845,1.2101016342898294,-58.52967655872259
9.07999999999985,0,17.893181221104218,-295.6409740698918,1.2088909266954788,-58.569266697057856
9.08999999999985,0,17.905264079863,-296.2268645884796,1.207681430414986,-58.608817225429966
9.09999999999985,0,17.917334849712514,-296.8131504144004,1.206473144236431,-58.64832818346872
9.10999999999985,0,17.92939354274773,-297.3998311521489,1.2052660669491053,-58.68779961076427
9.11999999999985,0,17.941440171051497,-297.9869064066157,1.2040601973435126,-58.72723154686716
9.12999999999985,0,17.953474746694596,-298.5743757830863,1.2028555342113663,-58.766624031288345
9.13999999999985,0,17.965497281735722,-299.1622388872415,1.201652076345589,-58.805977103499266
9.14999999999985,0,17.97750778822151,-299.7504953251563,1.2004498225403104,-58.84529080293187
9.15999999999985,0,17.98950627818653,-300.33914470330006,1.1992487715908675,-58.884565168978654
9.169999999999849,0,18.001492763653324,-300.92818662853585,1.198048922293802,-58.9238002409927
9.179999999999849,0,18.013467256632406,-301.5176207081199,1.1968502734468596,-58.962996058287715
9.189999999999849,0,18.025429769122262,-302.1074465497016,1.1956528238489892,-59.00215266013807
9.199999999999848,0,18.037380313109384,-302.6976637613227,1.1944565723003413,-59.04127008577886
9.209999999999848,0,18.049318900568267,-303.2882719514172,1.1932615176022667,-59.0803483744059
9.219999999999848,0,18.06124554346143,-303.87927072881087,1.1920676585573153,-59.119387565175806
9.229999999999848,0,18.073160253739413,-304.47065970272075,1.1908749939692356,-59.15838769720602
9.239999999999847,0,18.085063043340813,-305.06243848275494,1.1896835226429723,-59.19734880957483
9.249999999999847,0,18.096953924192274,-305.6546066789122,1.1884932433846662,-59.236270941321436
9.259999999999847,0,18.10883290820851,-306.2471639015814,1.1873041550016523,-59.27515413144599
9.269999999999847,0,18.12070000729231,-306.84010976154116,1.1861162563024592,-59.313998418909605
9.279999999999847,0,18.13255523333456,-307.4334438699596,1.1849295460968072,-59.35280384263443
9.289999999999846,0,18.14439859821425,-308.0271658383939,1.1837440231956076,-59.39157044150366
9.299999999999846,0,18.156230113798475,-308.6212752787897,1.1825596864109613,-59.43029825436159
9.309999999999846,0,18.16804979194247,-309.2157718034811,1.181376534556158,-59.46898732001365
9.319999999999846,0,18.179857644489598,-309.81065502519,1.1801945664456743,-59.50763767722646
9.329999999999846,0,18.19165368327138,-310.4059245570257,1.1790137808951735,-59.54624936472784
9.339999999999845,0,18.203437920107497,-311.00158001248457,1.177834176721503,-59.584822421206866
9.349999999999845,0,18.215210366805806,-311.5976210054498,1.1766557527426946,-59.623356885313896
9.359999999999845,0,18.22697103516235,-312.19404715019084,1.1754785077779626,-59.661852795660636
9.369999999999845,0,18.238719936961367,-312.790858061363,1.1743024406477023,-59.70031019082015
9.379999999999844,0,18.250457083975306,-313.38805335400724,1.1731275501734895,-59.738729109326904
9.389999999999844,0,18.262182487964836,-313.98563264354954,1.171953835178079,-59.77710958967683
9.399999999999844,0,18.273896160678866,-314.58359554580073,1.1707812944854032,-59.815451670327334
9.409999999999844,0,18.285598113854547,-315.18194167695606,1.1696099269205715,-59.853755389697334
9.419999999999844,0,18.29728835921728,-315.78067065359465,1.1684397313098684,-59.89202078616732
9.429999999999843,0,18.308966908480745,-316.37978209267936,1.1672707064807533,-59.93024789807939
9.439999999999843,0,18.320633773346895,-316.97927561155626,1.1661028512618579,-59.968436763737266
9.449999999999843,0,18.33228896550598,-317.57915082795415,1.1649361644829865,-60.00658742140636
9.459999999999843,0,18.34393249663655,-318.1794073599844,1.1637706449751142,-60.044699909313785
9.469999999999843,0,18.35556437840548,-318.78004482614045,1.1626062915703852,-60.082774265648425
9.479999999999842,0,18.367184622467956,-319.3810628452974,1.1614431031021124,-60.120810528560945
9.489999999999842,0,18.37879324046752,-319.98246103671164,1.1602810784047761,-60.15880873616384
9.499999999999842,0,18.390390244036052,-320.5842390200206,1.1591202163140226,-60.196768926531476
9.509999999999842,0,18.401975644793797,-321.18639641524226,1.1579605156666632,-60.234691137700125
9.519999999999841,0,18.413549454349383,-321.78893284277467,1.1568019753006729,-60.27257540766801
9.529999999999841,0,18.42511168429981,-322.3918479233957,1.1556445940551892,-60.31042177439532
9.539999999999841,0,18.436662346230488,-322.9951412782626,1.1544883707705111,-60.34823027580429
9.54999999999984,0,18.448201451715224,-323.59881252891176,1.1533333042880982,-60.38600094977919
9.55999999999984,0,18.459729012316252,-324.20286129725815,1.1521793934505689,-60.4237338341664
9.56999999999984,0,18.471245039584236,-324.80728720559506,1.1510266371016995,-60.46142896677443
9.57999999999984,0,18.482749545058283,-325.4120898765936,1.1498750340864234,-60.49908638537396
9.58999999999984,0,18.49424254026596,-326.0172689333025,1.1487245832508295,-60.53670612769788
9.59999999999984,0,18.5057240367233,-326.62282399914756,1.1475752834421609,-60.57428823144135
9.60999999999984,0,18.517194045934804,-327.2287546979313,1.1464271335088143,-60.61183273426178
9.61999999999984,0,18.528652579393476,-327.8350606538328,1.1452801323003388,-60.64933967377893
9.62999999999984,0,18.54009964858081,-328.4417414914069,1.1441342786674342,-60.686809087574915
9.639999999999839,0,18.551535264966823,-329.0487968355843,1.1429895714619502,-60.72424101319424
9.649999999999839,0,18.56295944001005,-329.6562263116708,1.1418460095368856,-60.76163548814385
9.659999999999838,0,18.574372185157564,-330.26402954534717,1.1407035917463861,-60.798992549893185
9.669999999999838,0,18.58577351184498,-330.87220616266865,1.1395623169457445,-60.83631223587417
9.679999999999838,0,18.597163431496476,-331.4807557900647,1.1384221839913984,-60.873594583481285
9.689999999999838,0,18.608541955524807,-332.0896780543383,1.1372831917409298,-60.91083963007161
9.699999999999838,0,18.619909095331295,-332.6989725826661,1.1361453390530636,-60.94804741296483
9.709999999999837,0,18.631264862305866,-333.3086390025976,1.1350086247876665,-60.98521796944331
9.719999999999837,0,18.642609267827048,-333.91867694205496,1.1338730478057462,-61.02235133675211
9.729999999999837,0,18.653942323261983,-334.52908602933263,1.1327386069694494,-61.05944755209901
9.739999999999837,0,18.665264039966438,-335.13986589309695,1.1316053011420617,-61.09650665265458
9.749999999999837,0,18.676574429284823,-335.7510161623857,1.130473129188006,-61.133528675552206
9.759999999999836,0,18.687873502550197,-336.362536466608,1.1293420899728408,-61.1705136578881
9.769999999999836,0,18.69916127108428,-336.97442643554353,1.1282121823632605,-61.20746163672138
9.779999999999836,0,18.710437746197464,-337.58668569934247,1.1270834052270924,-61.24437264907408
9.789999999999836,0,18.721702939188823,-338.19931388852507,1.1259557574332972,-61.28124673193118
9.799999999999836,0,18.732956861346132,-338.81231063398116,1.124829237851967,-61.31808392224068
9.809999999999835,0,18.744199523945863,-339.4256755669699,1.1237038453543244,-61.35488425691359
9.819999999999835,0,18.755430938253216,-340.03940831911945,1.1225795788127213,-61.391647772824015
9.829999999999835,0,18.766651115522116,-340.6535085224264,1.1214564371006377,-61.42837450680915
9.839999999999835,0,18.777860066995228,-341.26797580925563,1.120334419092681,-61.46506449566933
9.849999999999834,0,18.78905780390397,-341.88280981233976,1.1192135236645844,-61.50171777616809
9.859999999999834,0,18.800244337468516,-342.498010164779,1.1180937496932057,-61.53833438503217
9.869999999999834,0,18.811419678897828,-343.11357650004044,1.1169750960565268,-61.574914358951574
9.879999999999834,0,18.822583839389644,-343.72950845195805,1.115857561633652,-61.61145773457958
9.889999999999834,0,18.833736830130498,-344.34580565473203,1.1147411453048068,-61.64796454853281
9.899999999999833,0,18.844878662295738,-344.9624677429287,1.1136258459513375,-61.68443483739126
9.909999999999833,0,18.856009347049522,-345.57949435147987,1.1125116624557094,-61.720868637698295
9.919999999999833,0,18.86712889554485,-346.1968851156826,1.1113985937015058,-61.75726598596075
9.929999999999833,0,18.878237318923556,-346.814639671199,1.1102866385734271,-61.79362691864892
9.939999999999833,0,18.889334628316323,-347.4327576540556,1.1091757959572897,-61.82995147219661
9.949999999999832,0,18.900420834842702,-348.05123870064295,1.1080660647400242,-61.86623968300119
9.959999999999832,0,18.911495949611123,-348.67008244771563,1.1069574438096756,-61.90249158742359
9.969999999999832,0,18.922559983718894,-349.2892885323915,1.1058499320554007,-61.93870722178838
9.979999999999832,0,18.93361294825223,-349.90885659215144,1.1047435283674683,-61.97488662238377
9.989999999999831,0,18.944654854286245,-350.5287862648392,1.1036382316372568,-62.011029825461684
9.999999999999831,0,18.955685712884975,-351.1490771886607,1.1025340407572544,-62.04713686723776
